n,rank,test,candidate,metadata
5,1,T1,GF(5),"{""k"": 1, ""p"": 5}"
5,4,T4,GF(25)/GF(5) fixed/pair split,"{""fixed"": 5, ""pairs"": 10, ""q"": 5}"
5,6,T6,GF(4) bracket,"{""distance"": 1}"
9,1,T1,GF(9),"{""k"": 2, ""p"": 3}"
9,4,T4,GF(81)/GF(9) fixed/pair split,"{""fixed"": 9, ""pairs"": 36, ""q"": 9}"
9,4,T4,GF(9)/GF(3) fixed/pair split,"{""fixed"": 3, ""pairs"": 3, ""q"": 3}"
9,5,T5,GF(9) subfield lattice,"{""subfield_sizes"": [3, 9]}"
9,6,T6,GF(8) bracket,"{""distance"": 1}"
10,2,T2,GF(11)*,{}
10,3,T3,orbits(GF(16)/GF(4)),"{""m"": 2, ""q"": 4, ""upper"": 16}"
10,4,T4,GF(25)/GF(5) fixed/pair split,"{""fixed"": 5, ""pairs"": 10, ""q"": 5}"
10,5,T5,GF(16)/GF(4) subfield lattice,"{""m"": 2, ""q"": 4, ""subfield_sizes"": [4, 16]}"
10,6,T6,GF(9) bracket,"{""distance"": 1}"
15,2,T2,GF(16)*,{}
15,3,T3,orbits(GF(25)/GF(5)),"{""m"": 2, ""q"": 5, ""upper"": 25}"
15,5,T5,GF(25)/GF(5) subfield lattice,"{""m"": 2, ""q"": 5, ""subfield_sizes"": [5, 25]}"
15,6,T6,GF(16) bracket,"{""distance"": 1}"
24,2,T2,GF(25)*,{}
24,3,T3,orbits(GF(64)/GF(4)),"{""m"": 3, ""q"": 4, ""upper"": 64}"
24,3,T3,orbits(GF(81)/GF(3)),"{""m"": 4, ""q"": 3, ""upper"": 81}"
24,5,T5,GF(64)/GF(4) subfield lattice,"{""m"": 3, ""q"": 4, ""subfield_sizes"": [4, 64]}"
24,5,T5,GF(81)/GF(3) subfield lattice,"{""m"": 4, ""q"": 3, ""subfield_sizes"": [3, 9, 81]}"
24,6,T6,GF(23) bracket,"{""distance"": 1}"
27,1,T1,GF(27),"{""k"": 3, ""p"": 3}"
27,4,T4,GF(729)/GF(27) fixed/pair split,"{""fixed"": 27, ""pairs"": 351, ""q"": 27}"
27,5,T5,GF(27) subfield lattice,"{""subfield_sizes"": [3, 27]}"
27,6,T6,GF(25) bracket,"{""distance"": 2}"
31,1,T1,GF(31),"{""k"": 1, ""p"": 31}"
31,2,T2,GF(32)*,{}
31,4,T4,GF(961)/GF(31) fixed/pair split,"{""fixed"": 31, ""pairs"": 465, ""q"": 31}"
31,6,T6,GF(32) bracket,"{""distance"": 1}"
80,2,T2,GF(81)*,{}
80,6,T6,GF(79) bracket,"{""distance"": 1}"
81,1,T1,GF(81),"{""k"": 4, ""p"": 3}"
81,4,T4,GF(6561)/GF(81) fixed/pair split,"{""fixed"": 81, ""pairs"": 3240, ""q"": 81}"
81,4,T4,GF(81)/GF(9) fixed/pair split,"{""fixed"": 9, ""pairs"": 36, ""q"": 9}"
81,5,T5,GF(81) subfield lattice,"{""subfield_sizes"": [3, 9, 81]}"
81,6,T6,GF(79) bracket,"{""distance"": 2}"
144,6,T6,GF(139) bracket,"{""distance"": 5}"
225,6,T6,GF(223) bracket,"{""distance"": 2}"
243,1,T1,GF(243),"{""k"": 5, ""p"": 3}"
243,4,T4,GF(59049)/GF(243) fixed/pair split,"{""fixed"": 243, ""pairs"": 29403, ""q"": 243}"
243,5,T5,GF(243) subfield lattice,"{""subfield_sizes"": [3, 243]}"
243,6,T6,GF(241) bracket,"{""distance"": 2}"
279,6,T6,GF(277) bracket,"{""distance"": 2}"
729,1,T1,GF(729),"{""k"": 6, ""p"": 3}"
729,4,T4,GF(531441)/GF(729) fixed/pair split,"{""fixed"": 729, ""pairs"": 265356, ""q"": 729}"
729,4,T4,GF(729)/GF(27) fixed/pair split,"{""fixed"": 27, ""pairs"": 351, ""q"": 27}"
729,5,T5,GF(729) subfield lattice,"{""subfield_sizes"": [3, 9, 27, 729]}"
729,6,T6,GF(727) bracket,"{""distance"": 2}"
810,2,T2,GF(811)*,{}
810,6,T6,GF(809) bracket,"{""distance"": 1}"
196830,2,T2,GF(196831)*,{}
196830,6,T6,GF(196831) bracket,"{""distance"": 1}"
