run,time,dt,N,save_every,requested_packet_count,available_packet_count,covered_voxel_count,domain_voxel_count,coverage_fraction,double_count_voxel_count,double_count_fraction,global_raw_positive_stretch_action,global_raw_net_stretch_action,covered_raw_positive_stretch_action,covered_raw_net_stretch_action,packet_raw_positive_stretch_action,packet_raw_net_stretch_action,global_normalized_positive_action,global_normalized_net_action,packet_normalized_positive_action,packet_normalized_net_action,epsilon_raw_positive_vs_global,epsilon_raw_net_vs_global,epsilon_raw_positive_vs_covered,epsilon_raw_net_vs_covered,epsilon_normalized_positive_vs_global,epsilon_normalized_net_vs_global,partition_status
sprint49_material_parent_N32_seed0_gpu,0.01,0.01,32,10,299,299,5615,32768,0.171356201171875,0,0,20698.016057115252,-148.27077358689857,4866.989420197222,-190.17146367518441,1384.671530245887,-190.1714636751845,0.006312328560936914,-4.5218528977952417e-05,0.58892357312145549,-0.052957783942583915,-0.93310124378950388,-0.2825957474601612,-0.71549732068458516,-4.4835921564365764e-16,92.297357296313479,-1170.1522939723448,packet_union_reconstructed_from_K_cell_geometry
sprint49_material_parent_N32_seed0_gpu,0.02,0.01,32,10,299,299,5614,32768,0.17132568359375,0,0,20621.018257215361,-146.40177843331816,4854.084973263698,-183.41788559738586,1382.1305608061232,-183.41788559738572,0.0063049161402467723,-4.4762626379135317e-05,0.58907817107252436,-0.049631142221422696,-0.93297466965179998,-0.25283919061766963,-0.71526444872331274,7.7478020580805024e-16,92.431563238756738,-1107.7629622321867,packet_union_reconstructed_from_K_cell_geometry
sprint49_material_parent_N32_seed0_gpu,0.029999999999999999,0.01,32,10,299,299,5614,32768,0.17132568359375,0,0,20547.104334588443,-144.52959694198788,4820.6069827346655,-161.25118383247886,1370.6089760582126,-161.25118383247886,0.0062979120388626962,-4.4299901033775061e-05,0.58505193486387297,-0.038338729088508959,-0.93329430007560876,-0.11569662715660094,-0.71567709606546592,0,91.896174359641293,-864.43599858787059,packet_union_reconstructed_from_K_cell_geometry
sprint49_material_parent_N32_seed0_gpu,0.040000000000000001,0.010000000000000002,32,10,299,299,5618,32768,0.17144775390625,0,0,20476.912433386195,-142.58931082005125,4807.8684904952161,-176.07321599215868,1370.9183874516264,-176.07321599215877,0.0062915266964339456,-4.3810533378450316e-05,0.5861710850974774,-0.046322354448810346,-0.93305053230503443,-0.23482759667984121,-0.71485942467814456,-4.8425950426786805e-16,92.168337890026081,-1056.3337249437723,packet_union_reconstructed_from_K_cell_geometry
sprint49_material_parent_N32_seed0_gpu,0.050000000000000003,0.010000000000000002,32,10,299,299,5612,32768,0.1712646484375,0,0,20409.00595523258,-140.49342042004895,4770.3329730913802,-201.80943314823654,1345.4882020131265,-201.80943314823662,0.0062853345933997799,-4.3267573023799896e-05,0.5756186325773871,-0.057429580337015583,-0.93407380031323073,-0.43643334004442563,-0.71794669059732485,-4.2250318511415476e-16,90.581223564747589,-1326.3122646704885,packet_union_reconstructed_from_K_cell_geometry
sprint49_material_parent_N32_seed0_gpu,0.059999999999999998,0.01,32,10,299,299,5616,32768,0.17138671875,0,0,20341.050911141378,-138.1346246733236,4777.3188652291246,-179.70628338753252,1363.8288731854013,-179.70628338753249,0.0062786303650734466,-4.263773060353092e-05,0.58561386060886533,-0.047163735208124995,-0.93295189716877447,-0.30095031432214958,-0.7145200243777341,1.5815645894313688e-16,92.270956651071288,-1105.1502228314953,packet_union_reconstructed_from_K_cell_geometry
sprint49_material_parent_N32_seed0_gpu,0.070000000000000007,0.010000000000000009,32,10,299,299,5613,32768,0.171295166015625,0,0,20273.183487065111,-135.38901686051989,4746.409067033057,-173.62799095360538,1360.2243473765127,-173.62799095360523,0.0062714676579107946,-4.1882314191988287e-05,0.5852972082261555,-0.044562071630296657,-0.93290524163388666,-0.28243778542597586,-0.7134203293129181,8.1846565390480415e-16,92.32699140812197,-1062.9830317404235,packet_union_reconstructed_from_K_cell_geometry
sprint49_material_parent_N32_seed0_gpu,0.080000000000000002,0.01,32,10,299,299,5624,32768,0.171630859375,0,0,20206.339614370707,-132.12001477472467,4735.8506817740817,-170.61584526984132,1358.621387644786,-170.61584526984129,0.006264149883986274,-4.0958411618240594e-05,0.58586972121878345,-0.043468851760102574,-0.932762617397634,-0.2913701649273589,-0.71311988511938529,1.6658305906730419e-16,92.527411072411567,-1060.2924193755593,packet_union_reconstructed_from_K_cell_geometry
sprint49_material_parent_N32_seed0_gpu,0.089999999999999997,0.01,32,10,299,299,5631,32768,0.171844482421875,0,0,20141.772156385854,-128.18202592487719,4717.4165860675866,-168.89881302451701,1371.1574164964886,-168.89881302451707,0.0062570824676360269,-3.9820006941461256e-05,0.59338970212093078,-0.042980035038053921,-0.93192468836155662,-0.31764817887573799,-0.70934146020810129,-3.3655309852625632e-16,93.834885937681733,-1078.3577987376589,packet_union_reconstructed_from_K_cell_geometry
sprint49_material_parent_N32_seed0_gpu,0.10000000000000001,0.010000000000000009,32,10,299,299,5629,32768,0.171783447265625,0,0,20080.814518993637,-123.4248127240965,4674.3788850546925,-173.64236641676791,1360.7571017339519,-173.64236641676791,0.0062507000392098919,-3.8419332094535342e-05,0.58954810762071352,-0.046038970182804756,-0.93223596082485272,-0.40686757050162681,-0.70889028570519264,0,93.31713310869965,-1197.3282288593768,packet_union_reconstructed_from_K_cell_geometry
sprint49_material_parent_N32_seed0_gpu,0.11,0.01,32,10,299,299,5629,32768,0.171783447265625,0,0,20020.164354609387,-117.69891857493835,4641.1320064951497,-199.28540968841025,1359.1159234008719,-199.28540968841031,0.0062439955143965978,-3.6708565754708274e-05,0.59004776058297315,-0.059264427647299028,-0.9321126490608479,-0.69317961542294226,-0.70715852910479104,-2.8523622953473966e-16,93.498428005356075,-1613.4577274773455,packet_union_reconstructed_from_K_cell_geometry
sprint49_material_parent_N32_seed0_gpu,0.12,0.01,32,10,299,299,5627,32768,0.171722412109375,0,0,19960.713946413776,-110.85963641822509,4637.6845019073735,-164.5449559549433,1376.5484416377471,-164.5449559549433,0.0062372652533429556,-3.4641093504266134e-05,0.59937522865000381,-0.04438270524274901,-0.93103711393624455,-0.48426389686311883,-0.70318195619568247,0,95.095837567395364,-1280.2154800275912,packet_union_reconstructed_from_K_cell_geometry
sprint49_material_parent_N32_seed1_gpu,0.01,0.01,32,10,299,299,5555,32768,0.169525146484375,0,0,20851.149558972698,-239.42085701680503,4917.6858620822559,-32.788854127539011,1580.8044924109668,-32.788854127539103,0.0063023967332188416,-7.2366524582230741e-05,0.64217613109894389,-0.035348691803517567,-0.92418621870511153,0.86304929931297647,-0.67854707747810072,-2.8171327759585224e-15,100.89395531292797,-487.467451042927,packet_union_reconstructed_from_K_cell_geometry
sprint49_material_parent_N32_seed1_gpu,0.02,0.01,32,10,299,299,5553,32768,0.169464111328125,0,0,20806.812171646437,-190.04511873314866,4932.8917189291205,16.009162598070787,1615.9544714725055,16.009162598070926,0.0063052923446398571,-5.7591236100896393e-05,0.65946517099869628,-0.014336064145100249,-0.92233531700379479,1.0842387465923298,-0.6724123367087993,8.6547833232649186e-15,103.58915066155642,-247.92787715103603,packet_union_reconstructed_from_K_cell_geometry
sprint49_material_parent_N32_seed1_gpu,0.029999999999999999,0.01,32,10,299,299,5551,32768,0.169403076171875,0,0,20762.326606271832,-139.212693586483,4914.6278430738403,-17.371001526267836,1601.630525735618,-17.371001526267932,0.006307701204781707,-4.2293529608146498e-05,0.65122541686260904,-0.035687043151468062,-0.92285881268952774,0.87521970102908353,-0.6741094998692958,-5.5220344769736869e-15,102.24290826726727,-842.79439318760694,packet_union_reconstructed_from_K_cell_geometry
sprint49_material_parent_N32_seed1_gpu,0.040000000000000001,0.010000000000000002,32,10,299,299,5541,32768,0.169097900390625,0,0,20721.340298946769,-87.272671031087285,4937.0760259400822,55.825016163017828,1657.1784042553286,55.825016163017793,0.0063107281717156441,-2.6579077209824509e-05,0.68013129429614716,-0.0001866950429924687,-0.92002552053355535,1.6396620557554888,-0.66434010828508949,-6.3640172864903757e-16,106.77382194093866,-6.0241356206098837,packet_union_reconstructed_from_K_cell_geometry
sprint49_material_parent_N32_seed1_gpu,0.050000000000000003,0.010000000000000002,32,10,299,299,5549,32768,0.169342041015625,0,0,20679.869499456752,-34.573637364875331,4952.1340684556781,140.22982935920871,1692.5727002272349,140.22982935920874,0.0063131608008889515,-1.0554657134650405e-05,0.69594565190519075,0.0370846833736568,-0.91815360825793901,5.055975594331696,-0.65821347386197415,2.0267948381795269e-16,109.23727635880827,3514.5848470065089,packet_union_reconstructed_from_K_cell_geometry
sprint49_material_parent_N32_seed1_gpu,0.059999999999999998,0.01,32,10,299,299,5546,32768,0.16925048828125,0,0,20640.420784247694,18.541814960949743,4958.8518858057123,161.39599349256656,1714.3261760495909,161.39599349256665,0.0063157627511809542,5.6736103151069756e-06,0.70444208194026681,0.039332426961724003,-0.91694325450196601,7.7044334026888412,-0.6542896994046743,5.2829767608288923e-16,110.5371348945219,6931.5217590278562,packet_union_reconstructed_from_K_cell_geometry
sprint49_material_parent_N32_seed1_gpu,0.070000000000000007,0.010000000000000009,32,10,299,299,5552,32768,0.16943359375,0,0,20604.081185147646,71.743333032848781,4960.3765559217863,169.80094098709932,1718.9075198359055,169.80094098709921,0.0063188710658394088,2.2002285236331455e-05,0.70604703248625045,0.042118972486019889,-0.91657441531171158,1.3667835575655964,-0.65347237241821032,-6.6953008069757061e-16,110.73626192552452,1913.299902651502,packet_union_reconstructed_from_K_cell_geometry
sprint49_material_parent_N32_seed1_gpu,0.080000000000000002,0.01,32,10,299,299,5556,32768,0.1695556640625,0,0,20567.163619883842,124.71612537033208,4965.2191206298048,203.01939485633221,1736.2419616490649,203.01939485633247,0.0063213600159694964,3.8331757496229258e-05,0.71379705228441037,0.055530812492547932,-0.9155818471745657,0.62785200593336787,-0.6503191662911274,1.2599554099481534e-15,111.9182724099185,1447.6894449859381,packet_union_reconstructed_from_K_cell_geometry
sprint49_material_parent_N32_seed1_gpu,0.089999999999999997,0.01,32,10,299,299,5553,32768,0.169464111328125,0,0,20529.159303202116,177.16708522772035,4938.6702216573758,195.27377139788828,1727.7491087322126,195.2737713978882,0.0063230747051849171,5.4568270363609332e-05,0.70956930671112439,0.05023765644874216,-0.91583926632286794,0.10220118565982252,-0.65015904460363128,-4.3664403919088794e-16,111.21902947458111,919.63860763754042,packet_union_reconstructed_from_K_cell_geometry
sprint49_material_parent_N32_seed1_gpu,0.10000000000000001,0.010000000000000009,32,10,299,299,5557,32768,0.169586181640625,0,0,20490.343214764333,228.82632925306626,4908.1004320512648,159.95784875201088,1740.3079944191861,159.95784875201085,0.0063241029270528319,7.0624549498680289e-05,0.71644982113535316,0.033875484615109273,-0.91506691829518971,-0.30096397003725733,-0.64542127478596623,-1.7768249355783307e-16,112.28876670722281,478.65593912556255,packet_union_reconstructed_from_K_cell_geometry
sprint49_material_parent_N32_seed1_gpu,0.11,0.01,32,10,299,299,5565,32768,0.169830322265625,0,0,20452.652773493013,279.45095638731078,4918.9282679908201,222.60226445395381,1778.008960520357,222.60226445395381,0.0063250492335228062,8.642111500545975e-05,0.73428727050816567,0.062143473724198393,-0.91306707348864358,-0.20342994229930766,-0.63853732690300025,0,115.09194543758456,718.07743518782888,packet_union_reconstructed_from_K_cell_geometry
sprint49_material_parent_N32_seed1_gpu,0.12,0.01,32,10,299,299,5565,32768,0.169830322265625,0,0,20416.256586940894,328.82591726480746,4905.5079306066855,219.18573355800768,1770.5898229418015,219.18573355800788,0.0063259766230719808,0.00010188670272727284,0.73102039804254115,0.059544453370590555,-0.91327549125365393,-0.33342926439251752,-0.63906085812344715,9.0768665817465374e-16,114.5585044965828,583.41829774369376,packet_union_reconstructed_from_K_cell_geometry
sprint49_material_parent_N32_seed2_gpu,0.01,0.01,32,10,299,299,5601,32768,0.170928955078125,0,0,20406.195328136128,-344.69388962503336,4887.8666012734602,170.19263517314724,1705.9925274662735,170.19263517314715,0.0062148272066648528,-0.00010497855816655339,0.70828280084875195,0.070741128554427227,-0.91639830453283733,1.4937500788258444,-0.65097400018613372,-5.0099188019779271e-16,112.96661199030299,674.86264195201773,packet_union_reconstructed_from_K_cell_geometry
sprint49_material_parent_N32_seed2_gpu,0.02,0.01,32,10,299,299,5609,32768,0.171173095703125,0,0,20356.73940179282,-311.79695699538428,4825.9989283316809,137.9923162098402,1699.1295508096809,137.99231620984023,0.0062157021234436477,-9.5203704749926416e-05,0.70597872506423898,0.05480480453738841,-0.91653233274381662,1.4425710806789016,-0.64792168915854698,2.0596588426839713e-16,112.57988382382614,576.6583179335862,packet_union_reconstructed_from_K_cell_geometry
sprint49_material_parent_N32_seed2_gpu,0.029999999999999999,0.01,32,10,299,299,5600,32768,0.1708984375,0,0,20312.281571591382,-278.3021457041566,4800.7849565943188,126.70600137456546,1680.3448523247312,126.70600137456559,0.0062176711151001474,-8.5189406542849448e-05,0.69930203348373343,0.050762159502537818,-0.91727444076617914,1.4552821576491106,-0.64998539457248061,1.0094051666797512e-15,111.47009057545975,596.87408297069123,packet_union_reconstructed_from_K_cell_geometry
sprint49_material_parent_N32_seed2_gpu,0.040000000000000001,0.010000000000000002,32,10,299,299,5594,32768,0.17071533203125,0,0,20267.843979321642,-244.28925011451901,4825.5617580406188,149.01852557365734,1682.8544912392726,149.01852557365729,0.0062192154179632501,-7.496048777092211e-05,0.70257495411389048,0.062296682607856139,-0.91696923989763235,1.6100085267927251,-0.65126246940364874,-3.8145202847756851e-16,111.9684223647585,832.06026201741997,packet_union_reconstructed_from_K_cell_geometry
sprint49_material_parent_N32_seed2_gpu,0.050000000000000003,0.010000000000000002,32,10,299,299,5592,32768,0.170654296875,0,0,20224.405023162621,-209.85485209142547,4799.2680285130846,144.7155854260312,1668.339266101241,144.71558542603117,0.0062206342045936251,-6.4547276887738991e-05,0.69664736824355067,0.060545738297326873,-0.91750861080014356,1.6895984723907376,-0.65237630901432941,-1.9639701796273532e-16,110.98976588739323,939.00608200138925,packet_union_reconstructed_from_K_cell_geometry
sprint49_material_parent_N32_seed2_gpu,0.059999999999999998,0.01,32,10,299,299,5580,32768,0.1702880859375,0,0,20183.476746702618,-175.11138643414884,4792.4887714605356,146.67111373785264,1677.2936774629993,146.67111373785275,0.0062223951746117299,-5.3985359392822555e-05,0.70242350886433391,0.061908970301021382,-0.91689768326276988,1.8375875305687726,-0.65001614871768698,7.7511402773425535e-16,111.88635471599797,1147.7733288676093,packet_union_reconstructed_from_K_cell_geometry
sprint49_material_parent_N32_seed2_gpu,0.070000000000000007,0.010000000000000009,32,10,299,299,5579,32768,0.170257568359375,0,0,20145.221936782676,-140.18803470720189,4791.749779227217,183.30687129089591,1709.9288099719715,183.30687129089597,0.0062245543127340186,-4.3315880994944302e-05,0.71906466593605312,0.078880000046540305,-0.91511988225605734,2.307578579539634,-0.64315148145157575,3.1009977127699299e-16,114.52066699217497,1822.04111089757,packet_union_reconstructed_from_K_cell_geometry
sprint49_material_parent_N32_seed2_gpu,0.080000000000000002,0.01,32,10,299,299,5570,32768,0.16998291015625,0,0,20107.86906008131,-105.23031548322074,4782.5746832796958,207.10301642008756,1730.046594038798,207.10301642008773,0.0062265700097247894,-3.2585448241378728e-05,0.73083720133136609,0.086558731928368229,-0.91396171375149171,2.9680927066412806,-0.63826041230737196,8.2340788429909027e-16,116.37396354492586,2657.3615540034634,packet_union_reconstructed_from_K_cell_geometry
sprint49_material_parent_N32_seed2_gpu,0.089999999999999997,0.01,32,10,299,299,5553,32768,0.169464111328125,0,0,20071.205284510012,-70.397680375592358,4796.5005199276038,229.90378410535646,1721.6563591231193,229.90378410535649,0.0062283805602193513,-2.1845401794293825e-05,0.72912780621581841,0.098432926485646763,-0.91422257235085869,4.2657863565781167,-0.6410599035754706,1.2362436547533894e-16,116.0653911022643,4506.8876651725468,packet_union_reconstructed_from_K_cell_geometry
sprint49_material_parent_N32_seed2_gpu,0.10000000000000001,0.010000000000000009,32,10,299,299,5554,32768,0.16949462890625,0,0,20034.740637969764,-35.862046551164816,4785.9519161102353,243.80281772239456,1714.5302578242174,243.8028177223942,0.0062298388161042594,-1.1151368199195433e-05,0.72812600917094428,0.10496999335247453,-0.91442213858387322,7.7983520509505162,-0.64175773432807592,-1.5154961129939115e-15,115.87718264696092,9414.1941011550571,packet_union_reconstructed_from_K_cell_geometry
sprint49_material_parent_N32_seed2_gpu,0.11,0.01,32,10,299,299,5553,32768,0.169464111328125,0,0,19998.347847116322,-1.8054238040493147,4743.9614172434922,218.66843218635927,1697.552554060379,218.66843218635933,0.0062309106193253957,-5.6251818595383863e-07,0.72274865932898336,0.093138560301420217,-0.91511536017685791,122.11750808642073,-0.64216560701989178,2.5995256056147806e-16,114.99406627457505,165575.3096438545,packet_union_reconstructed_from_K_cell_geometry
sprint49_material_parent_N32_seed2_gpu,0.12,0.01,32,10,299,299,5551,32768,0.169403076171875,0,0,19963.282297059355,31.583084936028172,4689.9458604261417,177.26821889248552,1666.1521759930395,177.26821889248578,0.006231994506688994,9.8593812829372467e-06,0.71121918786253591,0.075237704075395706,-0.91653916669612645,4.6127581979893408,-0.64473957150506467,1.4429850227624719e-15,113.12384704433904,7630.0776423265934,packet_union_reconstructed_from_K_cell_geometry
sprint49_material_parent_N32_seed3_gpu,0.01,0.01,32,10,299,299,5565,32768,0.169830322265625,0,0,20924.083798567426,26.23967865056202,4895.3348967079464,-58.937566352790512,1532.0796525327207,-58.937566352790626,0.0063582130866525685,7.9734658774872631e-06,0.64177939280562635,0.0014740285823889032,-0.92677912843010046,-3.2461237859530061,-0.68703271893348383,-1.9289367504777081e-15,99.937068962485228,183.86673236424818,packet_union_reconstructed_from_K_cell_geometry
sprint49_material_parent_N32_seed3_gpu,0.02,0.01,32,10,299,299,5561,32768,0.169708251953125,0,0,20853.317012145268,69.800709013294252,4890.6863481210548,-56.323154315378233,1519.7678419210956,-56.323154315378162,0.0063531397982543696,2.1265377691254513e-05,0.63711070221504007,0.0017309415082756192,-0.92712105028490366,-1.8069137851400743,-0.68925264600029545,1.26154641798195e-15,99.282808571298375,80.397167424281264,packet_union_reconstructed_from_K_cell_geometry
sprint49_material_parent_N32_seed3_gpu,0.029999999999999999,0.01,32,10,299,299,5559,32768,0.169647216796875,0,0,20784.43043419356,113.73589505855755,4863.361279623914,-61.907963802697694,1501.4368789481789,-61.907963802697488,0.0063481885644240598,3.4738354301373686e-05,0.62969643525902574,-0.0021043903971801579,-0.92776146146020511,-1.5443133302008467,-0.69127589076329421,3.3284472742010925e-15,98.193089314944601,-61.578298526275965,packet_union_reconstructed_from_K_cell_geometry
sprint49_material_parent_N32_seed3_gpu,0.040000000000000001,0.010000000000000002,32,10,299,299,5562,32768,0.16973876953125,0,0,20716.817336084976,157.89726059392049,4833.0243180360849,-62.086014545312473,1493.5535999854012,-62.086014545312466,0.0063431806392043556,4.834578739265152e-05,0.62717844997287919,-0.0034679498985971703,-0.92790622344369966,-1.3932051405564596,-0.69096915270802706,1.1444489406571944e-16,97.874442593762879,-72.732204306269978,packet_union_reconstructed_from_K_cell_geometry
sprint49_material_parent_N32_seed3_gpu,0.050000000000000003,0.010000000000000002,32,10,299,299,5560,32768,0.169677734375,0,0,20648.766220553116,202.12188150041172,4825.7226967711395,-45.845480643065791,1494.6260980590171,-45.845480643065926,0.006337597445411537,6.2036012523777304e-05,0.62902285689260184,0.0032913533324461577,-0.92761668750110049,-1.2268209671448786,-0.69027932353861488,-2.9447421621663921e-15,98.252573599167079,52.055526919700718,packet_union_reconstructed_from_K_cell_geometry
sprint49_material_parent_N32_seed3_gpu,0.059999999999999998,0.01,32,10,299,299,5564,32768,0.1697998046875,0,0,20584.659289773575,246.23232519698124,4772.4907938565602,-73.803683253382118,1461.6340626458393,-73.803683253382331,0.006332791180533876,7.5752426864041824e-05,0.61439268685503234,-0.010929681660312161,-0.92899401238222201,-1.2997319023582332,-0.69373768839379557,-2.8882409567040366e-15,96.017676620001382,-145.28160407228174,packet_union_reconstructed_from_K_cell_geometry
sprint49_material_parent_N32_seed3_gpu,0.070000000000000007,0.010000000000000009,32,10,299,299,5567,32768,0.169891357421875,0,0,20519.873410291319,290.03907789684678,4757.309791114053,-29.908806785326995,1478.6107301872521,-29.908806785326927,0.0063273508635050615,8.9434226678047099e-05,0.62396081000327863,0.0092659256484544598,-0.9279425023428417,-1.1031199209506661,-0.68919183422759711,2.256912500111011e-15,97.613278046925473,102.60603532482841,packet_union_reconstructed_from_K_cell_geometry
sprint49_material_parent_N32_seed3_gpu,0.080000000000000002,0.01,32,10,299,299,5571,32768,0.170013427734375,0,0,20461.254683022125,333.34151367671001,4764.7449155281365,22.714998769700188,1506.873820213254,22.714998769700173,0.0063233980018490479,0.00010301670616834899,0.63882531214107197,0.03376584812937064,-0.92635476936496985,-0.93185667599826694,-0.68374512236690677,-6.2561547369124379e-16,100.02563715810246,326.77060522776554,packet_union_reconstructed_from_K_cell_geometry
sprint49_material_parent_N32_seed3_gpu,0.089999999999999997,0.01,32,10,299,299,5567,32768,0.169891357421875,0,0,20403.947358997855,375.93126969998559,4713.0352351709062,-22.121002165822411,1466.7000017254704,-22.121002165822318,0.0063194495159441836,0.0001164323078537161,0.62023809203008917,0.010742756658147546,-0.92811685033686986,-1.0588432087159874,-0.68879927084349835,4.1756948874372525e-15,97.147487445735194,91.266114587753364,packet_union_reconstructed_from_K_cell_geometry
sprint49_material_parent_N32_seed3_gpu,0.10000000000000001,0.010000000000000009,32,10,299,299,5579,32768,0.170257568359375,0,0,20345.929480358256,417.59479585892723,4752.782504908193,111.94532216538737,1526.7754359630433,111.94532216538735,0.0063148894883798172,0.00012961142863084478,0.64942003050093688,0.073452095990764854,-0.92495916996876582,-0.73192835908040166,-0.67876177073401855,-1.2694460510111329e-16,101.83949255104949,565.71002523989466,packet_union_reconstructed_from_K_cell_geometry
sprint49_material_parent_N32_seed3_gpu,0.11,0.01,32,10,299,299,5574,32768,0.17010498046875,0,0,20286.704188837604,458.11599127825389,4683.5282275416012,21.006651492209276,1473.6355801989962,21.006651492209265,0.0063095722145122372,0.00014248326897690238,0.62430588633999895,0.027660224284995604,-0.92735953723770281,-0.95414556162164166,-0.68535780962453763,-5.073698223800343e-16,97.94583422059479,193.12962998118422,packet_union_reconstructed_from_K_cell_geometry
sprint49_material_parent_N32_seed3_gpu,0.12,0.01,32,10,299,299,5567,32768,0.169891357421875,0,0,20228.253975837411,497.28078317829613,4699.3221866494241,87.165651163765929,1509.9375876201632,87.165651163765844,0.0063041243263495719,0.0001549772850392879,0.64281200160314089,0.059225038503615518,-0.9253550212774776,-0.82471542413792953,-0.67869034561838903,-9.7819642431187451e-16,100.9668979110004,381.1530264167522,packet_union_reconstructed_from_K_cell_geometry
sprint49_material_parent_N64_seed0_gpu,0.01,0.01,64,10,629,629,47744,262144,0.18212890625,0,0,1385328.1047902191,-2054.2387979426562,293977.66224655247,5478.4367656336171,50317.505756600789,5478.4367656336153,0.012689163426558837,-1.8816171948102804e-05,1.4695877071522965,0.20630142919674632,-0.96367827550555585,3.6668938251581715,-0.82883901663793547,-3.3202708753643495e-16,114.81438884114306,10965.04889186545,packet_union_reconstructed_from_K_cell_geometry
sprint49_material_parent_N64_seed0_gpu,0.02,0.01,64,10,629,629,47749,262144,0.18214797973632812,0,0,1367040.3621156036,3591.1393882198299,290686.33098055836,7968.9472142736595,50370.03101328187,7968.9472142736595,0.012654511316251274,3.3242701010038312e-05,1.4972210609308476,0.29570992932115531,-0.96315395477034038,1.2190581742425655,-0.82672033169440395,0,117.31520186860752,8894.4844322625795,packet_union_reconstructed_from_K_cell_geometry
sprint49_material_parent_N64_seed0_gpu,0.029999999999999999,0.01,64,10,629,629,47701,262144,0.18196487426757812,0,0,1349569.8009847214,9097.9394748379709,287260.95131884195,9441.3214306891477,50607.176570556265,9441.3214306891441,0.012621398258865886,8.508542304607124e-05,1.5309113513808847,0.35807882069775521,-0.96250125296695987,0.037742827021531554,-0.82382855609781291,-3.8532517230759793e-16,120.29490885096648,4207.4626000374483,packet_union_reconstructed_from_K_cell_geometry
sprint49_material_parent_N64_seed0_gpu,0.040000000000000001,0.010000000000000002,64,10,629,629,47693,262144,0.18193435668945312,0,0,1332680.6353595536,14373.342786533089,283197.53134025465,9521.7025151307826,50264.951172980895,9521.7025151307698,0.012587896587619782,0.00013576407416355596,1.5393432633350574,0.36952704176077639,-0.9622828231765973,-0.33754432378444338,-0.82250921844163671,-1.3372530600055305e-15,121.28756827006382,2720.8322964851841,packet_union_reconstructed_from_K_cell_geometry
sprint49_material_parent_N64_seed0_gpu,0.050000000000000003,0.010000000000000002,64,10,629,629,47711,262144,0.18200302124023438,0,0,1316177.2543089909,19336.213678060863,279773.08912463265,9141.9291591695201,49719.368597716428,9141.9291591695219,0.012552427258086696,0.00018441012777424808,1.5473600062537809,0.36581180460237589,-0.96222441283273841,-0.52721203274961315,-0.82228680838003121,1.9897216133220385e-16,122.27177640140633,1982.68608610367,packet_union_reconstructed_from_K_cell_geometry
sprint49_material_parent_N64_seed0_gpu,0.059999999999999998,0.01,64,10,629,629,47735,262144,0.18209457397460938,0,0,1300053.6995645077,23919.221783066063,276120.66731354943,9043.5860128239383,49137.594925436606,9043.5860128239292,0.012515215311241978,0.00023026295820910997,1.5477115903593963,0.36165701294552233,-0.96220341133454967,-0.62191136087769971,-0.8220430386341262,-1.0056792742207034e-15,122.66639741060958,1569.6261039914582,packet_union_reconstructed_from_K_cell_geometry
sprint49_material_parent_N64_seed0_gpu,0.070000000000000007,0.010000000000000009,64,10,629,629,47712,262144,0.1820068359375,0,0,1284109.7600297078,28070.336416915336,272034.12186970073,8927.0402184023151,48072.008434709453,8927.0402184023096,0.012474639626391669,0.00027269267931153801,1.5341155607050432,0.36365013353478953,-0.96256394123692568,-0.68197601604009173,-0.82328684319338785,-6.1128527228862539e-16,121.97874781564261,1332.5529741865096,packet_union_reconstructed_from_K_cell_geometry
sprint49_material_parent_N64_seed0_gpu,0.080000000000000002,0.01,64,10,629,629,47722,262144,0.18204498291015625,0,0,1268510.6422943729,31753.6936906474,268881.78583086404,10737.775986079785,48552.363391269828,10737.775986079794,0.012432625752381549,0.00031121677402527032,1.5695436400054981,0.43168963732150151,-0.96172490653807008,-0.66184167137562155,-0.81942858925442075,8.4700472700490034e-16,125.24393842988816,1386.1027314435466,packet_union_reconstructed_from_K_cell_geometry
sprint49_material_parent_N64_seed0_gpu,0.089999999999999997,0.01,64,10,629,629,47746,262144,0.18213653564453125,0,0,1253045.0859153271,34949.758014368628,265881.88415337709,11028.878916449252,49091.626750789401,11028.878916449257,0.012387460070917984,0.00034550930110785537,1.6058715106024046,0.4625461265576134,-0.960822138562613,-0.68443618659920236,-0.81536302517523029,4.9478902180154145e-16,128.63686675144214,1337.7371195926889,packet_union_reconstructed_from_K_cell_geometry
sprint49_material_parent_N64_seed0_gpu,0.10000000000000001,0.010000000000000009,64,10,629,629,47747,262144,0.18214035034179688,0,0,1237805.0437338545,37654.826021266243,263413.98119020718,10695.184037594056,48540.326092189207,10695.184037594054,0.012340396188841888,0.00037540279374095853,1.5997510948034563,0.45372984533739197,-0.96078516052433693,-0.71596777444798831,-0.81572608305426664,-1.7007555897607992e-16,128.63531075687357,1207.6480252741057,packet_union_reconstructed_from_K_cell_geometry
sprint49_material_parent_N64_seed0_gpu,0.11,0.01,64,10,629,629,47790,262144,0.18230438232421875,0,0,1222722.4040876308,39879.94330291525,260568.5471315402,10781.359360620037,48371.220572832186,10781.359360620048,0.012291115634813429,0.00040088330189033249,1.5943360391874677,0.43865134669475064,-0.96043973643475855,-0.72965459657933052,-0.81436278052234201,1.012296877992895e-15,128.71450977742501,1093.2120677671683,packet_union_reconstructed_from_K_cell_geometry
sprint49_material_parent_N64_seed0_gpu,0.12,0.01,64,10,629,629,47729,262144,0.18207168579101562,0,0,1208007.8432068687,41649.23938413494,257416.77460345291,11410.830405160883,48289.402920841785,11410.830405160887,0.012242099585192751,0.00042207849812842414,1.6034391892390298,0.46599314547083176,-0.96002558825061179,-0.7260254791229751,-0.81240770732509193,3.1881805950304285e-16,129.97746657594956,1103.0437917049398,packet_union_reconstructed_from_K_cell_geometry
sprint49_material_parent_N64_seed1_gpu,0.01,0.01,64,10,629,629,47773,262144,0.18223953247070312,0,0,1391668.2171494523,-477.22436798134993,293655.73121616727,-417.99889100504458,49182.510983700886,-417.99889100504305,0.012713749891508178,-4.3597397582849109e-06,1.4981287591041235,0.10328616869071847,-0.96465931291839002,0.12410405031668757,-0.83251642738245613,3.6717138305117995e-15,116.83531781640285,23691.902305451022,packet_union_reconstructed_from_K_cell_geometry
sprint49_material_parent_N64_seed1_gpu,0.02,0.01,64,10,629,629,47797,262144,0.18233108520507812,0,0,1372584.4292269361,2575.3862231345361,290695.58188685885,2236.6248524332455,50042.91506910848,2236.6248524332477,0.012669996701363319,2.3772770736026032e-05,1.541915583200727,0.18448983023529456,-0.96354110246078362,-0.13153808452426116,-0.8278511329814926,1.0165928148203757e-15,120.69818347583417,7759.5522841185966,packet_union_reconstructed_from_K_cell_geometry
sprint49_material_parent_N64_seed1_gpu,0.029999999999999999,0.01,64,10,629,629,47804,262144,0.1823577880859375,0,0,1354331.234302646,5628.2629589143335,286658.34356945747,3134.0045970114029,50073.647342703909,3134.0045970114015,0.012628279814078413,5.2479982527302678e-05,1.5591816813923678,0.21416045277795165,-0.96302703055616434,-0.44316663597822786,-0.82531941432721267,-4.3530314344795095e-16,122.46746384682906,4079.8026692183976,packet_union_reconstructed_from_K_cell_geometry
sprint49_material_parent_N64_seed1_gpu,0.040000000000000001,0.010000000000000002,64,10,629,629,47803,262144,0.18235397338867188,0,0,1336841.1720650706,8657.9597937924336,282263.67410981748,2887.9549255030515,49555.888669427055,2887.9549255030533,0.012588305856897799,8.1527296030704487e-05,1.5568072026787223,0.20491197562052754,-0.96293060858316015,-0.66643932354898971,-0.82443405505255762,6.2985380674838879e-16,122.67090698115388,2512.4155748689914,packet_union_reconstructed_from_K_cell_geometry
sprint49_material_parent_N64_seed1_gpu,0.050000000000000003,0.010000000000000002,64,10,629,629,47816,262144,0.182403564453125,0,0,1319984.0870280608,11644.238677560759,279522.68797648302,4631.2668089306371,49784.609282744677,4631.2668089306371,0.012549195351962394,0.00011070271780214258,1.5770334785908067,0.25974559633315625,-0.9622839322291874,-0.60226967711891688,-0.82189420957867587,0,124.66809539260191,2345.3344124703053,packet_union_reconstructed_from_K_cell_geometry
sprint49_material_parent_N64_seed1_gpu,0.059999999999999998,0.01,64,10,629,629,47860,262144,0.1825714111328125,0,0,1303497.1220841163,14569.632857670484,276047.16665163747,5540.7906894738016,49760.095808674581,5540.7906894738053,0.012508777130179687,0.00013981487737675449,1.5872833153811519,0.28460682706292195,-0.96182569568767828,-0.61970279254108029,-0.81974060298372775,6.5658116521221719e-16,125.89356432384935,2034.5975873440239,packet_union_reconstructed_from_K_cell_geometry
sprint49_material_parent_N64_seed1_gpu,0.070000000000000007,0.010000000000000009,64,10,629,629,47857,262144,0.18255996704101562,0,0,1287282.7449809976,17418.768808497927,272783.99905004189,7442.6988401938634,49838.140534851023,7442.6988401938643,0.012466410974170141,0.00016868829437622628,1.5891831398308365,0.33088526765324677,-0.96128423166614674,-0.57271958069947704,-0.81729815272006379,1.2219958395484913e-16,126.47719797811531,1960.5188408703204,packet_union_reconstructed_from_K_cell_geometry
sprint49_material_parent_N64_seed1_gpu,0.080000000000000002,0.01,64,10,629,629,47897,262144,0.18271255493164062,0,0,1271310.4532005021,20177.788872665416,269076.37643112877,7236.2414352111891,48698.107244883795,7236.24143521119,0.012422094697332599,0.0001971590837847874,1.5646148955234385,0.32402858850035465,-0.96169455924610137,-0.6413758969886918,-0.81901752992668142,1.2568606367213957e-16,124.95419159535217,1642.488001060372,packet_union_reconstructed_from_K_cell_geometry
sprint49_material_parent_N64_seed1_gpu,0.089999999999999997,0.01,64,10,629,629,47829,262144,0.18245315551757812,0,0,1255721.292310996,22833.998726403501,265408.14207033959,7377.3192221438076,48450.882433427811,7377.3192221438076,0.012377516854144621,0.00022507239927694041,1.5677814186399737,0.32866679690669259,-0.96141589480874368,-0.67691514261086316,-0.81744764099743727,0,125.66364644173365,1459.2714413786669,packet_union_reconstructed_from_K_cell_geometry
sprint49_material_parent_N64_seed1_gpu,0.10000000000000001,0.010000000000000009,64,10,629,629,47807,262144,0.18236923217773438,0,0,1240458.9240818422,25375.880761094533,263279.22483835538,9827.3387051831396,48831.396397166107,9827.3387051831469,0.012332455096207078,0.00025228317031500191,1.5888371617220445,0.40641280133142627,-0.96063441082234136,-0.61272915814413431,-0.81452620719638269,7.4037924533382952e-16,127.83380878562461,1609.9390127925592,packet_union_reconstructed_from_K_cell_geometry
sprint49_material_parent_N64_seed1_gpu,0.11,0.01,64,10,629,629,47786,262144,0.18228912353515625,0,0,1225571.6686214083,27793.337162218559,259617.88609062569,8319.3892908926518,47397.029311554863,8319.3892908926464,0.012287714306183044,0.00027865900902304544,1.5503073485823817,0.35335807773852423,-0.96132659515141228,-0.70066965178252227,-0.8174354239406687,-6.5593374944136658e-16,125.16726837490712,1267.0662253747594,packet_union_reconstructed_from_K_cell_geometry
sprint49_material_parent_N64_seed1_gpu,0.12,0.01,64,10,629,629,47793,262144,0.18231582641601562,0,0,1210816.915097716,30078.092061206211,256324.25370391578,8719.9930794072225,47034.951880452922,8719.9930794072279,0.012241166398663086,0.00030408472600980998,1.5484571355417991,0.36518761222077534,-0.96115436504563778,-0.71008822429086171,-0.81650214054740311,6.2579960338781937e-16,125.49588161067014,1199.9403333497064,packet_union_reconstructed_from_K_cell_geometry
