source_identity_reference	decision_reference	status	artifact_path	expected_sha256	observed_sha256	retrieval_reference	artifact_size_bytes	creates_source_truth	creates_source_audit_admission
ERIC:ED167371	screening-decision:f628f9ed1748eb75e61e4df2ef781e3a77deff116a867a28c0e6eb4fff869878	verified	/home/c/Documents/code/dashi_agda-esd-ledger-check/.round1-retrieval/cache/82/82dcc6542a8a40e27937da18fd490719f3047d516b9e81d82e1ef4586950efc9.pdf	82dcc6542a8a40e27937da18fd490719f3047d516b9e81d82e1ef4586950efc9	82dcc6542a8a40e27937da18fd490719f3047d516b9e81d82e1ef4586950efc9	http-retrieval:82dcc6542a8a40e27937da18fd490719f3047d516b9e81d82e1ef4586950efc9	833646	False	False
ERIC:ED167372	screening-decision:5271c25ad6055d7056a0a665da573d1289311ffadbddda7d619c4037b87126cd	verified	/home/c/Documents/code/dashi_agda-esd-ledger-check/.real-eric-round2/fulltext/cache/49/4965b10155b9f2b8fa5d0377eaa21a45ffc1fab025a798350e099e211923f4b3.pdf	4965b10155b9f2b8fa5d0377eaa21a45ffc1fab025a798350e099e211923f4b3	4965b10155b9f2b8fa5d0377eaa21a45ffc1fab025a798350e099e211923f4b3	http-retrieval:4965b10155b9f2b8fa5d0377eaa21a45ffc1fab025a798350e099e211923f4b3	896798	False	False
ERIC:ED629161	screening-decision:0183e32762f148e4afc260834fedd6cae861ef52d320f99a4abedb677fac8b1f	verified	/home/c/Documents/code/dashi_agda-esd-ledger-check/.round1-retrieval/cache/78/7845bfb3b9e27f8be2ccc8868f5a40c184d6587c507bd305a8b14549dd99037e.pdf	7845bfb3b9e27f8be2ccc8868f5a40c184d6587c507bd305a8b14549dd99037e	7845bfb3b9e27f8be2ccc8868f5a40c184d6587c507bd305a8b14549dd99037e	http-retrieval:7845bfb3b9e27f8be2ccc8868f5a40c184d6587c507bd305a8b14549dd99037e	445912	False	False
ERIC:EJ1060858	screening-decision:8927b03076f54518c551ef15bf3c5dcd04857dc52a9f99d9b2246b4463117f6d	verified	/home/c/Documents/code/dashi_agda-esd-ledger-check/.real-eric-round2/fulltext/cache/b8/b8f485232b054188f46324832d9001b300c80c234f32653637d8b68148e37090.pdf	b8f485232b054188f46324832d9001b300c80c234f32653637d8b68148e37090	b8f485232b054188f46324832d9001b300c80c234f32653637d8b68148e37090	http-retrieval:b8f485232b054188f46324832d9001b300c80c234f32653637d8b68148e37090	204810	False	False
ERIC:EJ1091119	screening-decision:78bbc23f0e562e22f5106279c8388d394e59a628b747a932cc47525928ead296	pending						False	False
ERIC:EJ1108428	screening-decision:d05c634f98fd180ac61f2e52e2f1e53206bd4c56bf57702c0534ba3e4007237a	verified	/home/c/Documents/code/dashi_agda-esd-ledger-check/.round1-retrieval/cache/f5/f53966d52b6be31b5eedc9e758f9786eb048d5acc92503966d490e5ea03fb522.pdf	f53966d52b6be31b5eedc9e758f9786eb048d5acc92503966d490e5ea03fb522	f53966d52b6be31b5eedc9e758f9786eb048d5acc92503966d490e5ea03fb522	http-retrieval:f53966d52b6be31b5eedc9e758f9786eb048d5acc92503966d490e5ea03fb522	1196394	False	False
ERIC:EJ1119572	screening-decision:2baa404ec034dd8a5ebc1553435db2abc9e151f815f8956b8362d4707103dbdf	verified	/home/c/Documents/code/dashi_agda-esd-ledger-check/.round1-retrieval/cache/40/40e7ef8197de468d57cc62510b8de816c08548c269b1f7f2e6124e9c43c022fd.pdf	40e7ef8197de468d57cc62510b8de816c08548c269b1f7f2e6124e9c43c022fd	40e7ef8197de468d57cc62510b8de816c08548c269b1f7f2e6124e9c43c022fd	http-retrieval:40e7ef8197de468d57cc62510b8de816c08548c269b1f7f2e6124e9c43c022fd	482940	False	False
ERIC:EJ1163203	screening-decision:a594b880cdf899144a0c1d6a2ebfdd213e1be62c7b4c3aac6e4b964accee8767	verified	/home/c/Documents/code/dashi_agda-esd-ledger-check/.real-eric-round2/fulltext/cache/8b/8b5f4a2bc4b6b6c86b7420450e5733310432e19c80e51af52a21b59fefad3ada.pdf	8b5f4a2bc4b6b6c86b7420450e5733310432e19c80e51af52a21b59fefad3ada	8b5f4a2bc4b6b6c86b7420450e5733310432e19c80e51af52a21b59fefad3ada	http-retrieval:8b5f4a2bc4b6b6c86b7420450e5733310432e19c80e51af52a21b59fefad3ada	559036	False	False
ERIC:EJ1234796	screening-decision:6c3889d619ae2ca3550eee9cd8900e649e93f1cc6fb97d6994411d0def9d9f80	pending						False	False
ERIC:EJ1249427	screening-decision:591ee443f74ec8b96028f6acafae339c54279388c02c0e3f5634731a9e97a331	pending						False	False
ERIC:EJ1286444	screening-decision:39d4ddbe6ddccf53c40b77aa82b967976b254abdf658136fe316369bd2fdd8f7	verified	/home/c/Documents/code/dashi_agda-esd-ledger-check/.round1-retrieval/cache/39/391245af0ce703f606fc6a40ef35baec4e07d1fbf8eb9b547f649a5df171fc1a.pdf	391245af0ce703f606fc6a40ef35baec4e07d1fbf8eb9b547f649a5df171fc1a	391245af0ce703f606fc6a40ef35baec4e07d1fbf8eb9b547f649a5df171fc1a	http-retrieval:391245af0ce703f606fc6a40ef35baec4e07d1fbf8eb9b547f649a5df171fc1a	418537	False	False
ERIC:EJ1304515	screening-decision:1c0eaa060b353b4fcc476abe91a4dd4d51aea55ec38f451fe7e5e60284eda296	pending						False	False
ERIC:EJ1320005	screening-decision:69bd0146de3b9b0a6c65b049c04c2743f0f5718747ebf0ad82a35cc84f6fa627	pending						False	False
ERIC:EJ1324293	screening-decision:424d98b4f5b00d20def53c3d89711e099a4b4ec899fb5300fc15e5c618f0768c	pending						False	False
ERIC:EJ1363566	screening-decision:473beb7d754b7bae4f2fba3224350dbbd7132457bf49c282f83f6c8077d51816	pending						False	False
ERIC:EJ1400364	screening-decision:6ae91cedfbd76a9f66ecd4544b454ccb85b88d084969b266cf0db3b57baca2c5	pending						False	False
ERIC:EJ1413583	screening-decision:85ae7f22ea34f44af70a085a4f5e5996e0fb751c62f9f2d71b33f079ffd130d1	verified	/home/c/Documents/code/dashi_agda-esd-ledger-check/.round1-retrieval/cache/0d/0dcd7e0417649e76d5599bf5ab1b1f67c9ccca996c1b05567b88408d8b909a85.pdf	0dcd7e0417649e76d5599bf5ab1b1f67c9ccca996c1b05567b88408d8b909a85	0dcd7e0417649e76d5599bf5ab1b1f67c9ccca996c1b05567b88408d8b909a85	http-retrieval:0dcd7e0417649e76d5599bf5ab1b1f67c9ccca996c1b05567b88408d8b909a85	245188	False	False
ERIC:EJ1437235	screening-decision:62eeda839761d524f8d557563f067c364c09a5a53d490ddd0e239ad49cb75532	verified	/home/c/Documents/code/dashi_agda-esd-ledger-check/.round1-retrieval/cache/c4/c44c2e54741cdaa995c3ec8873902fef018f003589776ff325ddde9483c9ab6d.pdf	c44c2e54741cdaa995c3ec8873902fef018f003589776ff325ddde9483c9ab6d	c44c2e54741cdaa995c3ec8873902fef018f003589776ff325ddde9483c9ab6d	http-retrieval:c44c2e54741cdaa995c3ec8873902fef018f003589776ff325ddde9483c9ab6d	340624	False	False
ERIC:EJ1493462	screening-decision:38299e92135230b904c3ff6c1ba89a237fe2e852f98d17d11ed71974a3df1e54	pending						False	False
ERIC:EJ1496359	screening-decision:413b6f1be8efad095568bfeb647a1cc890afccfb7dbb5dc69856a41b5796d6ca	pending						False	False
ERIC:EJ1503684	screening-decision:991b68d145dd411471ddd9b776fb28e6da13a76014d994881b7adae385ef449b	pending						False	False
ERIC:EJ394218	screening-decision:c3c89a9c1568d1d141e61200ff1bd971bec55e76e8d9b45f14904407818fb344	pending						False	False
ERIC:EJ664861	screening-decision:7b345ddb1c8e338a5b4532bc5718490f908b892597a17675c05a6e8e303099b6	pending						False	False
ERIC:EJ799047	screening-decision:4e1ade2f546574a626e285fdb78c90a10013720190345b83814c5e3237c8780d	pending						False	False
ERIC:EJ801600	screening-decision:7b5fb8028f940ed1b76268522195202b2ada8212979bef769cf914b3d573f54a	pending						False	False
ERIC:EJ901403	screening-decision:929e0e294007c41e5ba195ee7f5888e8ac57ab97832e59a9c76885e5750c395f	pending						False	False
ERIC:EJ947330	screening-decision:abe7311973096d5f795699d8ece4e30a97a531616c751ce82df0746986267266	pending						False	False
ERIC:EJ985927	screening-decision:cd67d75760cead25485d39ff702d3c4768c37f3325137387c30aba3954078e50	pending						False	False
