K_parent,K_child,delta_K,cross_minus_to_plus,cross_plus_to_minus,cross_minus_to_zero,cross_plus_to_zero,cross_zero_to_plus,cross_zero_to_minus,signed_flip_imbalance,absolute_flip_imbalance,net_residue_N,BT_distance_proxy,parent_confidence_mass_weighted_mean,row_count
7,5,-2,43674.894255917745,75533.395746750786,0,0,0,0,-31858.501490833041,31858.501490833041,-63746.447693314731,2,0.75116182896524353,21
7,6,-1,277319.0316999947,170744.87481595011,0,0,0,0,106574.15688404458,106574.15688404458,68174.071015655063,1,0.81302480754962236,84
7,8,1,2896132.1492638243,120552.36778024699,0,0,0,0,2775579.7814835776,2775579.7814835776,5744323.8999187835,1,0.86984925415852998,63
7,9,2,860665.05209422181,31710.647808544003,0,0,0,0,828954.40428567783,828954.40428567783,1393375.7637936717,2,0.71824372862322161,11
7,10,3,0,16497.674668457566,0,0,0,0,-16497.674668457566,16497.674668457566,-38490.201774634472,3,0.58368433808221254,2
7,11,4,0,0,0,0,0,0,0,0,403828.8098891009,4,0.63610272507977139,1
7,12,5,35030.687966477926,0,0,0,0,0,35030.687966477926,35030.687966477926,35030.687966477926,5,0.49036988215359317,1
8,6,-2,5081.3264228445714,58456.044700693987,0,0,0,0,-53374.718277849417,53374.718277849417,-53374.718277849417,2,0.71510409960973076,2
8,7,-1,50378.01989301604,2362141.1184773673,0,0,0,0,-2311763.0985843511,2311763.0985843511,-440840.07024800288,1,0.84266170839688948,62
8,9,1,737010.41488804773,5732617.4981498485,0,0,0,0,-4995607.0832618009,4995607.0832618009,-4739896.4875683878,1,0.85315927724618168,146
8,10,2,868338.82478127512,863822.26407034614,0,0,0,0,4516.5607109289849,4516.5607109289849,130000.70599548426,2,0.77634218508403363,63
8,11,3,0,0,0,0,0,0,0,0,686656.18835500907,3,0.61639703424351033,2
8,12,4,0,0,0,0,0,0,0,0,15496.511151359642,4,0.48228437025731696,1
8,13,5,0,967296.22829735675,0,0,0,0,-967296.22829735675,967296.22829735675,-967296.22829735675,5,0.63531819398926292,1
9,7,-2,0,48714.812232125922,0,0,0,0,-48714.812232125922,48714.812232125922,-89403.489088855276,2,0.54378570852992214,3
9,8,-1,5638563.5161481407,509260.83154766751,0,0,0,0,5129302.6846004734,5129302.6846004734,7362819.8681039084,1,0.8012732070039148,154
9,10,1,5576981.226331519,2836527.3159590736,0,0,0,0,2740453.9103724454,2740453.9103724454,-2919588.334016542,1,0.81650704549860809,157
9,11,2,581986.91650566435,246866.31926254006,0,0,0,0,335120.59724312427,335120.59724312427,879373.13887447515,2,0.75733461374623279,46
9,12,3,1157280.524498899,0,0,0,0,0,1157280.524498899,1157280.524498899,2156039.6132411161,3,0.69584820825627614,3
9,14,5,1136156.0455779526,0,0,0,0,0,1136156.0455779526,1136156.0455779526,1136156.0455779526,5,0.5775755748466106,2
10,7,-3,0,0,0,0,0,0,0,0,-8026.1353753965659,3,0.54561123032098979,1
10,8,-2,851966.4272191698,558346.91461589199,0,0,0,0,293619.51260327781,293619.51260327781,546950.37934432365,2,0.73017644595619391,53
10,9,-1,3769662.8977499949,4758925.8244147254,0,0,0,0,-989262.92666473053,989262.92666473053,-6983549.6533463728,1,0.8378341870888294,148
10,11,1,3871660.6542064701,2323321.8122742511,0,0,0,0,1548338.841932219,1548338.841932219,5946418.2135428004,1,0.84831236117502651,182
10,12,2,3533758.8193608811,3345733.0496286759,0,0,0,0,188025.7697322052,188025.7697322052,-6151749.3561098743,2,0.79888694101254687,52
10,13,3,0,0,0,0,0,0,0,0,-577571.91527412971,3,0.60873159519542108,2
10,14,4,0,213845.05557062151,0,0,0,0,-213845.05557062151,213845.05557062151,-213845.05557062151,4,0.52332781649406723,2
10,15,5,1311029.8483849552,0,0,0,0,0,1311029.8483849552,1311029.8483849552,-3622778.3834183384,5,0.70705507843269921,4
11,7,-4,0,81377.35371345871,0,0,0,0,-81377.35371345871,81377.35371345871,-87722.817418971099,4,0.55371130223432441,3
11,9,-2,422886.89546331001,164833.12812216848,0,0,0,0,258053.76734114153,258053.76734114153,637162.01868544985,2,0.75241668352735913,47
11,10,-1,2228094.0328551759,3190480.722540732,0,0,0,0,-962386.68968555611,962386.68968555611,3276064.8597083287,1,0.85119933354620947,203
11,12,1,6208362.1138133295,9770378.6248543933,0,0,0,0,-3562016.5110410638,3562016.5110410638,-3020783.3856411185,1,0.8419674318475473,238
11,13,2,14204749.173003163,16479570.098013531,0,0,0,0,-2274820.9250103682,2274820.9250103682,12464398.843859058,2,0.80592723237038766,86
11,14,3,3455643.6566945128,130023.09839798887,0,0,0,0,3325620.558296524,3325620.558296524,3827557.4535252987,3,0.71741394850771545,6
11,15,4,0,5235829.2616079263,0,0,0,0,-5235829.2616079263,5235829.2616079263,-5255401.5344431149,4,0.71886323781761519,6
11,16,5,915800.12255259813,0,0,0,0,0,915800.12255259813,915800.12255259813,1831600.2451051963,5,0.58478497283630326,2
11,19,8,0,0,0,0,0,0,0,0,2145145.3989609932,8,0.59302981118112552,1
12,7,-5,0,40688.676856729355,0,0,0,0,-40688.676856729355,40688.676856729355,-81377.35371345871,5,0.57954549282528089,2
12,9,-3,339543.45916533651,1037302.4602697613,0,0,0,0,-697759.00110442471,697759.00110442471,-1261043.9197195082,3,0.7265499214919775,18
12,10,-2,2219105.056662932,1911795.5691936654,0,0,0,0,307309.48746926663,307309.48746926663,-6175968.0653228732,2,0.77143688933797416,69
12,11,-1,6681797.3490523957,4255948.7083716616,0,0,0,0,2425848.6406807341,2425848.6406807341,1711838.5654737893,1,0.83441329937991326,212
12,13,1,38326447.589323945,30984091.034540575,0,0,0,0,7342356.5547833703,7342356.5547833703,13419666.477015778,1,0.87214454835281929,363
12,14,2,18702325.405211337,17924344.243198585,0,0,0,0,777981.16201275215,777981.16201275215,-9713015.4534568191,2,0.79473901646081102,80
12,15,3,203410.87884686553,2968268.8631729279,0,0,0,0,-2764857.9843260623,2764857.9843260623,-15987784.627981314,3,0.7727034045913026,18
12,16,4,126042.43565015368,0,0,0,0,0,126042.43565015368,126042.43565015368,126042.43565015368,4,0.51784237547775291,1
12,18,6,0,0,0,0,0,0,0,0,1086676.9468487767,6,0.53736496900519082,2
12,19,7,4447817.8040771335,0,0,0,0,0,4447817.8040771335,4447817.8040771335,4447817.8040771335,7,0.50825870216094649,2
13,7,-6,0,40688.676856729355,0,0,0,0,-40688.676856729355,40688.676856729355,-40688.676856729355,6,0.5907198053961269,1
13,10,-3,17621.577478089737,25424.868564182972,0,0,0,0,-7803.2910860932352,7803.2910860932352,350202.05576104968,3,0.6981241039912881,5
13,11,-2,7034009.9511523005,3831939.1666997769,0,0,0,0,3202070.7844525236,3202070.7844525236,7976218.9022183605,2,0.77228446776210657,82
13,12,-1,23491800.451289762,23227792.794523116,0,0,0,0,264007.65676664561,264007.65676664561,5652183.1781087145,1,0.87134017603194713,370
13,14,1,53732451.934153408,34660725.022715859,0,0,0,0,19071726.911437549,19071726.911437549,28807952.347895555,1,0.85422235483715869,305
13,15,2,3228717.5092795673,16651499.138026366,0,0,0,0,-13422781.628746798,13422781.628746798,12928638.908783875,2,0.81636591991253959,69
13,16,3,248476.5488261634,2877538.7246262976,0,0,0,0,-2629062.1758001344,2629062.1758001344,-5402648.1379165575,3,0.69369879247614719,10
13,17,4,0,0,0,0,0,0,0,0,1494040.3939332727,4,0.51915275552165197,2
13,18,5,191825.2703616576,0,0,0,0,0,191825.2703616576,191825.2703616576,5633524.6901065055,5,0.6830191591402055,2
13,19,6,2145145.3989609932,0,0,0,0,0,2145145.3989609932,2145145.3989609932,3836168.4938197676,6,0.5426467382589476,2
14,10,-4,149244.32160697124,0,0,0,0,0,149244.32160697124,149244.32160697124,149244.32160697124,4,0.67290170716485853,1
14,11,-3,5612847.9963301029,372724.26200777735,0,0,0,0,5240123.7343223253,5240123.7343223253,7360359.2583628343,3,0.74355072503596353,15
14,12,-2,9673188.0194861982,11099388.020143609,0,0,0,0,-1426200.0006574113,1426200.0006574113,-3140067.3146953937,2,0.8037174680067577,92
14,13,-1,24655621.568466388,39412745.621212669,0,0,0,0,-14757124.052746281,14757124.052746281,-11072246.356213681,1,0.87203150242928662,301
14,15,1,60323743.52352386,49728150.935743608,0,0,0,0,10595592.587780252,10595592.587780252,889091.67043116689,1,0.84870845393941718,301
14,16,2,822286.57377794082,38838624.558722936,0,0,0,0,-38016337.984944992,38016337.984944992,-33924242.240366235,2,0.78202064011352157,57
14,17,3,2853483.1134072649,0,0,0,0,0,2853483.1134072649,2853483.1134072649,3369027.9594258005,3,0.59744051601894099,6
14,18,4,8227392.232827438,0,0,0,0,0,8227392.232827438,8227392.232827438,6528376.3665936254,4,0.64115728240256564,3
14,19,5,18653941.418524794,0,0,0,0,0,18653941.418524794,18653941.418524794,23295607.391967796,5,0.62309569911774765,5
14,20,6,0,0,0,0,0,0,0,0,5843753.7464210931,6,0.59298668908580487,1
15,10,-5,0,0,0,0,0,0,0,0,-141218.46906983972,5,0.684398509511562,2
15,11,-4,1104856.0363953409,0,0,0,0,0,1104856.0363953409,1104856.0363953409,1104856.0363953409,4,0.66670485958407566,3
15,12,-3,3364250.9078044696,6852151.6480372306,0,0,0,0,-3487900.740232761,3487900.740232761,-8840524.4625571668,3,0.78867997734824569,28
15,13,-2,8967914.7046696059,50160.222363231216,0,0,0,0,8917754.4823063742,8917754.4823063742,16922662.031489838,2,0.81617787691545318,58
15,14,-1,32600858.829737827,32121297.774523035,0,0,0,0,479561.05521479249,479561.05521479249,-11876129.567767419,1,0.86408224231505637,312
15,16,1,97716126.633190185,28817847.475325316,0,0,0,0,68898279.157864869,68898279.157864869,76475513.824358195,1,0.84471053533844664,297
15,17,2,73576860.116073236,4165596.5453969268,0,0,0,0,69411263.570676312,69411263.570676312,77263693.58483392,2,0.76935152654160799,70
15,18,3,9431441.047905039,9705605.6978283022,0,0,0,0,-274164.64992326312,274164.64992326312,-2657296.9927194268,3,0.72057148285745198,14
15,19,4,40001926.929103084,0,0,0,0,0,40001926.929103084,40001926.929103084,62599785.443079367,4,0.75302154307911873,8
15,20,5,56983060.426229209,0,0,0,0,0,56983060.426229209,56983060.426229209,77789602.108718723,5,0.74850786624001542,8
15,21,6,0,0,0,0,0,0,0,0,5964460.0646458166,6,0.57842876252301234,1
16,11,-5,0,0,0,0,0,0,0,0,24730.528704668937,5,0.47107601877694216,1
16,12,-4,15496.511151359642,0,0,0,0,0,15496.511151359642,15496.511151359642,6386149.6437254651,4,0.78927649795239418,7
16,13,-3,2082024.9257500302,3467580.2905860953,0,0,0,0,-1385555.3648360651,1385555.3648360651,-10714316.280943429,3,0.77265709119655912,17
16,14,-2,14914348.083825486,2042165.6745155267,0,0,0,0,12872182.409309959,12872182.409309959,15619571.328254351,2,0.82016949868419353,84
16,15,-1,28462742.851417094,63608149.30945047,0,0,0,0,-35145406.458033375,35145406.458033375,-33715943.67712456,1,0.86676632152081801,292
16,17,1,152237114.78538129,90488366.559306532,0,0,0,0,61748748.226074755,61748748.226074755,181480339.51787877,1,0.8409506108462077,368
16,18,2,38249708.739325106,69763159.878740028,0,0,0,0,-31513451.139414921,31513451.139414921,-17545660.749726146,2,0.80940053999478589,96
16,19,3,77099363.875213444,0,0,0,0,0,77099363.875213444,77099363.875213444,159785170.9730508,3,0.77065473641377447,21
16,20,4,52313589.668291956,35159504.334313244,0,0,0,0,17154085.333978713,17154085.333978713,-2717408.0190864429,4,0.74441040786182022,12
16,23,7,14326748.099827131,0,0,0,0,0,14326748.099827131,14326748.099827131,14326748.099827131,7,0.51110947986594768,1
17,14,-3,63682.939768342796,555951.57558143791,0,0,0,0,-492268.63581309514,492268.63581309514,-428585.69604475232,3,0.53786925276352593,3
17,15,-2,2207432.3050319664,34092791.626278207,0,0,0,0,-31885359.32124624,31885359.32124624,-27916485.798279058,2,0.75697098085331305,75
17,16,-1,49101323.889425427,75539257.672067419,0,0,0,0,-26437933.782641992,26437933.782641992,61707740.798619494,1,0.84424587955136765,377
17,18,1,137303132.7029722,456983615.14972907,0,0,0,0,-319680482.44675684,319680482.44675684,-244155344.86399406,1,0.85219312132650138,492
17,19,2,81549825.400371745,194316959.3235839,0,0,0,0,-112767133.92321216,112767133.92321216,-90111401.794894367,2,0.79584052777894443,97
17,23,6,0,0,0,0,0,0,0,0,41019937.404078543,6,0.55162737681951535,3
18,13,-5,0,0,0,0,0,0,0,0,716952.22449271625,5,0.72253347066967744,1
18,14,-4,1003873.7904575495,6381208.4697801229,0,0,0,0,-5377334.6793225734,5377334.6793225734,-5757309.3753580991,4,0.71183777750646926,10
18,15,-3,105061.35191136407,8436735.8481347188,0,0,0,0,-8331674.4962233547,8331674.4962233547,-12295852.108490987,3,0.7782378525820276,21
18,16,-2,47785748.114692092,26612148.800283626,0,0,0,0,21173599.314408466,21173599.314408466,25143495.554704666,2,0.82833913963951178,129
18,17,-1,350051988.79519135,89768737.596716911,0,0,0,0,260283251.19847444,260283251.19847444,327952580.62575531,1,0.86261262587483356,489
18,19,1,399865125.71916056,267672699.76223263,0,0,0,0,132192425.95692793,132192425.95692793,-76072852.324072599,1,0.86097579043016093,338
18,20,2,102987645.85851844,0,0,0,0,0,102987645.85851844,102987645.85851844,135069847.87525034,2,0.778560737327748,15
18,21,3,718038.81631526176,0,0,0,0,0,718038.81631526176,718038.81631526176,1436077.6326305235,3,0.55594885834041119,2
18,22,4,16323667.089912221,0,0,0,0,0,16323667.089912221,16323667.089912221,16323667.089912221,4,0.57502049031635094,1
18,23,5,10933573.097274737,0,0,0,0,0,10933573.097274737,10933573.097274737,10933573.097274737,5,0.6295518672983561,1
18,24,6,16417469.217376882,0,0,0,0,0,16417469.217376882,16417469.217376882,16417469.217376882,6,0.49809804830807802,1
18,25,7,0,16459045.846016288,0,0,0,0,-16459045.846016288,16459045.846016288,-16459045.846016288,7,0.52450942082206586,1
19,14,-5,501936.89522877475,0,0,0,0,0,501936.89522877475,501936.89522877475,-5888393.8143974785,5,0.71257221801940507,4
19,15,-4,0,0,0,0,0,0,0,0,46616.202325579899,4,0.50236792124357255,1
19,16,-3,24042942.731194373,45529751.458355382,0,0,0,0,-21486808.727161009,21486808.727161009,21289442.597119346,3,0.81149681539818419,37
19,17,-2,124511575.28621587,28363051.219737738,0,0,0,0,96148524.066478133,96148524.066478133,124650907.95256995,2,0.81446319663520395,87
19,18,-1,226773248.36011958,255622304.17862681,0,0,0,0,-28849055.818507224,28849055.818507224,-140661532.83842325,1,0.86072286912428786,349
19,20,1,262732627.78791642,518864443.45486695,0,0,0,0,-256131815.66695052,256131815.66695052,57075162.89169693,1,0.85604627836630875,305
19,21,2,379315208.04039633,181864960.68059921,0,0,0,0,197450247.35979712,197450247.35979712,321829911.14825475,2,0.84595254836891076,60
19,22,3,0,0,0,0,0,0,0,0,-17268490.317962352,3,0.75883789082858111,1
19,23,4,10933573.097274737,0,0,0,0,0,10933573.097274737,10933573.097274737,10933573.097274737,4,0.59981985821236738,1
19,25,6,0,20491238.46382007,0,0,0,0,-20491238.46382007,20491238.46382007,-20491238.46382007,6,0.53645876280240357,1
19,26,7,128285482.1786799,0,0,0,0,0,128285482.1786799,128285482.1786799,128285482.1786799,7,0.6011471790728945,1
20,14,-6,0,0,0,0,0,0,0,0,501936.89522877475,6,0.46992356864443435,1
20,15,-5,5550892.9015420824,3965412.1949548535,0,0,0,0,1585480.7065872289,1585480.7065872289,858765.51160189323,5,0.72713227245564449,7
20,16,-4,22022632.553788085,1551885.1999192126,0,0,0,0,20470747.353868872,20470747.353868872,22511757.533272982,4,0.74108046696391683,10
20,17,-3,2006558.8368242255,0,0,0,0,0,2006558.8368242255,2006558.8368242255,3660254.1377714016,3,0.54307377654991373,4
20,18,-2,0,68718362.916402936,0,0,0,0,-68718362.916402936,68718362.916402936,-29720384.321396261,2,0.78286936446794297,31
20,19,-1,335474985.23105401,172207179.64352483,0,0,0,0,163267805.58752918,163267805.58752918,410336037.52857304,1,0.84405054092204745,294
20,21,1,650849124.65525317,1314958722.4527738,0,0,0,0,-664109597.79752064,664109597.79752064,-75197086.570545912,1,0.87338819350575758,299
20,22,2,254704624.19697025,793722019.10638452,0,0,0,0,-539017394.90941429,539017394.90941429,-372951905.5629549,2,0.80886477175745042,81
20,23,3,11566963.055315157,0,0,0,0,0,11566963.055315157,11566963.055315157,20556849.717100009,3,0.55038031749847971,4
20,24,4,0,0,0,0,0,0,0,0,182491096.03385535,4,0.73618473623992475,5
20,25,5,176954080.81637815,16459045.846016288,0,0,0,0,160495034.97036186,160495034.97036186,206872363.98940504,5,0.68385907094865317,3
20,26,6,55885872.6054122,0,0,0,0,0,55885872.6054122,55885872.6054122,55885872.6054122,6,0.57998981841590191,2
20,27,7,55292575.589203805,0,0,0,0,0,55292575.589203805,55292575.589203805,55292575.589203805,7,0.54162967566677711,1
21,14,-7,0,0,0,0,0,0,0,0,634219.15034917777,7,0.5323370652265671,1
21,15,-6,1311029.8483849552,0,0,0,0,0,1311029.8483849552,1311029.8483849552,1311029.8483849552,6,0.62455466603574505,1
21,16,-5,915800.12255259813,5584907.1779413112,0,0,0,0,-4669107.0553887133,4669107.0553887133,-4669107.0553887133,5,0.67543493390794551,3
21,17,-4,3366001.5562982177,0,0,0,0,0,3366001.5562982177,3366001.5562982177,3366001.5562982177,4,0.59445782951256165,2
21,18,-3,0,12630876.820153339,0,0,0,0,-12630876.820153339,12630876.820153339,-17249038.133312628,3,0.69260252648509646,8
21,19,-2,107324909.78781983,195759294.74043623,0,0,0,0,-88434384.952616394,88434384.952616394,-6661562.1714313924,2,0.79529811528264582,68
21,20,-1,938128929.53635144,510582396.04673135,0,0,0,0,427546533.48962009,427546533.48962009,889729685.83218932,1,0.86433074234770213,296
21,22,1,986282050.8817184,1374177789.3863087,0,0,0,0,-387895738.50459027,387895738.50459027,-84922207.007598639,1,0.865924902459839,237
21,23,2,7043346.7309082979,601133375.29485691,0,0,0,0,-594090028.56394863,594090028.56394863,-247958743.42378539,2,0.81172361737034371,57
21,24,3,1052077583.2777789,476974048.36321461,0,0,0,0,575103534.91456425,575103534.91456425,742083226.53618491,3,0.81816219480698149,39
21,25,4,136643380.98990113,0,0,0,0,0,136643380.98990113,136643380.98990113,236059018.70397925,4,0.63457911136279532,4
21,26,5,913256105.02335167,652101700.58801925,0,0,0,0,261154404.43533242,261154404.43533242,674347412.89181066,5,0.75129186994174058,31
21,27,6,55292575.589203805,0,0,0,0,0,55292575.589203805,55292575.589203805,-20868482.184217542,6,0.53699654775551919,3
22,16,-6,915800.12255259813,0,0,0,0,0,915800.12255259813,915800.12255259813,915800.12255259813,6,0.56647027873670963,1
22,18,-4,10484903.785614692,7132664.6196786854,0,0,0,0,3352239.1659360062,3352239.1659360062,-310932.2507737074,4,0.71316629238292473,5
22,19,-3,0,0,0,0,0,0,0,0,14796594.027703743,3,0.69966148264214512,3
22,20,-2,353074189.60985625,166782716.10717073,0,0,0,0,186291473.50268552,186291473.50268552,259266586.79427147,2,0.81430948685550375,86
22,21,-1,962410187.80437469,606994610.12538743,0,0,0,0,355415577.67898726,355415577.67898726,535823027.74877167,1,0.8643883039745055,245
22,23,1,2650598750.1303911,1095903658.3337493,0,0,0,0,1554695091.7966418,1554695091.7966418,1836263470.7222753,1,0.87080916990527701,203
22,24,2,500143365.9693563,141537291.303092,0,0,0,0,358606074.6662643,358606074.6662643,-125583584.07114851,2,0.80925994380284683,38
22,25,3,472425253.37939352,143260194.85655108,0,0,0,0,329165058.52284241,329165058.52284241,91784980.838620484,3,0.75588459594013768,14
22,26,4,323065221.07268918,546188177.92116582,0,0,0,0,-223122956.84847665,223122956.84847665,-739099523.53301132,4,0.7652781263488202,18
22,28,6,0,118878013.0952293,0,0,0,0,-118878013.0952293,118878013.0952293,-118878013.0952293,6,0.67089929487342026,1
22,30,8,171970921.13805476,0,0,0,0,0,171970921.13805476,171970921.13805476,250415232.2517879,8,0.55597523481031386,2
23,17,-6,1359442.7194739922,0,0,0,0,0,1359442.7194739922,1359442.7194739922,1359442.7194739922,6,0.61290236162956402,1
23,18,-5,0,0,0,0,0,0,0,0,2293947.7406129232,5,0.66030340535842225,1
23,19,-4,0,0,0,0,0,0,0,0,8738108.6019991208,4,0.55443288774712662,4
23,20,-3,0,0,0,0,0,0,0,0,9902679.2579992935,3,0.728884097597293,1
23,21,-2,314415159.59138453,34663883.854994677,0,0,0,0,279751275.73638988,279751275.73638988,532841819.20801181,2,0.81313522566999841,56
23,22,-1,659995530.89068222,1524279437.193212,0,0,0,0,-864283906.30252981,864283906.30252981,-725369299.04874086,1,0.8883856340524493,207
23,24,1,2808444850.2237759,2438354851.3265252,0,0,0,0,370089998.89725065,370089998.89725065,1466654268.012702,1,0.85414635768394898,181
23,25,2,773637720.90990174,1274660669.2806876,0,0,0,0,-501022948.37078583,501022948.37078583,-84556407.735334158,2,0.8142762584870934,47
23,26,3,66067667.398113228,297252546.01703787,0,0,0,0,-231184878.61892465,231184878.61892465,-926445414.72666454,3,0.78578693762989682,16
23,27,4,0,0,0,0,0,0,0,0,-26388692.670908026,4,0.54746061738255403,1
23,28,5,0,0,0,0,0,0,0,0,165070252.13939202,5,0.59993965556200135,2
23,30,7,83325667.438837647,0,0,0,0,0,83325667.438837647,83325667.438837647,83325667.438837647,7,0.4666035609017371,1
24,18,-6,0,1699015.8662338131,0,0,0,0,-1699015.8662338131,1699015.8662338131,-3398031.7324676262,6,0.59236299719023167,2
24,19,-5,4447817.8040771335,0,0,0,0,0,4447817.8040771335,4447817.8040771335,6138840.8989359075,5,0.52928435486479652,3
24,20,-4,0,0,0,0,0,0,0,0,41113516.463252597,4,0.7307067542661333,4
24,21,-3,237679381.49498406,359965506.59010577,0,0,0,0,-122286125.09512171,122286125.09512171,-35170470.325120687,3,0.76487585848570039,46
24,22,-2,151396113.69637865,213842825.64696729,0,0,0,0,-62446711.950588644,62446711.950588644,-226255730.1869787,2,0.82195603764405989,46
24,23,-1,1483156616.9411209,2171963562.3500061,0,0,0,0,-688806945.40888524,688806945.40888524,432885539.69361305,1,0.86802699331698718,183
24,25,1,2681154315.6559768,3346828910.1175561,0,0,0,0,-665674594.46157932,665674594.46157932,2029102347.6078892,1,0.86135411110519966,208
24,26,2,330055220.08577073,1986314640.9491162,0,0,0,0,-1656259420.8633456,1656259420.8633456,-1500665410.3640296,2,0.82934268085631913,53
24,27,3,22427625.409851033,0,0,0,0,0,22427625.409851033,22427625.409851033,-10487773.531203985,3,0.5375926973063484,6
24,28,4,0,527176339.55292463,0,0,0,0,-527176339.55292463,527176339.55292463,-273630273.4066689,4,0.74237414764839305,5
24,29,5,150609989.45039734,148159460.78899595,0,0,0,0,2450528.661401391,2450528.661401391,2450528.661401391,5,0.53528286264855673,2
24,30,6,117644410.74230701,0,0,0,0,0,117644410.74230701,117644410.74230701,200970078.18114465,6,0.50890324168126033,2
24,31,7,0,0,0,0,0,0,0,0,106578141.86696072,7,0.46966830671035731,1
24,32,8,0,258315221.91610748,0,0,0,0,-258315221.91610748,258315221.91610748,-258315221.91610748,8,0.48864336835754413,1
25,21,-4,0,0,0,0,0,0,0,0,35331368.161717594,4,0.65890112845678905,2
25,22,-3,0,97311248.703971088,0,0,0,0,-97311248.703971088,97311248.703971088,-97311248.703971088,3,0.758934851770381,3
25,23,-2,631323517.27430439,408523316.40860581,0,0,0,0,222800200.86569858,222800200.86569858,338301194.79423714,2,0.80943555781026355,57
25,24,-1,2584468012.7156205,1673667150.7498963,0,0,0,0,910800861.96572423,910800861.96572423,3198188115.3020725,1,0.85493576473556376,204
25,26,1,6792138207.8710794,7696083781.1790819,0,0,0,0,-903945573.30800247,903945573.30800247,-2083181728.1097908,1,0.86854629573330944,272
25,27,2,3833347100.7832689,6007519506.3391571,0,0,0,0,-2174172405.5558882,2174172405.5558882,-3771217176.6604309,2,0.83153519946941123,144
25,28,3,258768191.90731299,818458954.02331448,0,0,0,0,-559690762.11600149,559690762.11600149,-283787254.76022279,3,0.77558163231872079,17
25,29,4,0,0,0,0,0,0,0,0,-91152955.253616035,4,0.69395139230978975,3
25,30,5,322881518.35839462,0,0,0,0,0,322881518.35839462,322881518.35839462,1188336932.5063062,5,0.6276091694097099,7
25,31,6,359558540.95826393,158895617.29509506,0,0,0,0,200662923.66316888,200662923.66316888,41767306.368073821,6,0.59814548458497974,4
26,19,-7,1884871.2642246387,0,0,0,0,0,1884871.2642246387,1884871.2642246387,5914887.927410271,7,0.51423572575465426,3
26,21,-5,0,19880979.176191334,0,0,0,0,-19880979.176191334,19880979.176191334,-19880979.176191334,5,0.74520512777242787,1
26,22,-4,147340323.15102455,34983543.101862647,0,0,0,0,112356780.04916191,112356780.04916191,-37025347.909002483,4,0.78083181290939485,15
26,23,-3,68597283.867345855,0,0,0,0,0,68597283.867345855,68597283.867345855,-184827711.9599008,3,0.72720944256171449,12
26,24,-2,1068564329.2654083,1772126.8859631896,0,0,0,0,1066792202.3794451,1066792202.3794451,992548843.33846545,2,0.80374090294865375,42
26,25,-1,6026216872.9592619,4363850558.653245,0,0,0,0,1662366314.3060169,1662366314.3060169,-13868789.292387009,1,0.86562601227926517,269
26,27,1,18613253526.319099,8768707221.0071373,0,0,0,0,9844546305.3119621,9844546305.3119621,12316478087.116938,1,0.88358750049798729,258
26,28,2,1051431900.7558284,1636054983.6015294,0,0,0,0,-584623082.84570098,584623082.84570098,-1965310055.625566,2,0.80117616131135949,61
26,29,3,5325085835.3889685,730176897.29296482,0,0,0,0,4594908938.0960035,4594908938.0960035,6067344267.0942535,3,0.77047547733062605,20
26,30,4,524828646.39376199,0,0,0,0,0,524828646.39376199,524828646.39376199,241074951.96606475,4,0.63839067545798378,8
26,31,5,252980399.09130323,410051468.03904647,0,0,0,0,-157071068.94774324,157071068.94774324,-209388544.37587756,5,0.64554814398635163,4
26,33,7,401240417.19739139,0,0,0,0,0,401240417.19739139,401240417.19739139,401240417.19739139,7,0.60670387573464757,1
26,34,8,0,0,0,0,0,0,0,0,1350774978.8618901,8,0.58147468110472511,1
26,35,9,486554536.47986829,0,0,0,0,0,486554536.47986829,486554536.47986829,486554536.47986829,9,0.51559614911996454,1
27,19,-8,2145145.3989609932,0,0,0,0,0,2145145.3989609932,2145145.3989609932,4030016.6631856319,8,0.52251623883018539,2
27,23,-4,10933573.097274737,0,0,0,0,0,10933573.097274737,10933573.097274737,43812334.437291339,4,0.58755851152510863,3
27,24,-3,53062698.574608438,0,0,0,0,0,53062698.574608438,53062698.574608438,53062698.574608438,3,0.70134070633066592,2
27,25,-2,3261411069.6472917,1754694135.1135919,0,0,0,0,1506716934.5336998,1506716934.5336998,1022339943.8900552,2,0.82982591338323552,138
27,26,-1,5253394691.4290075,11918495578.949327,0,0,0,0,-6665100887.5203199,6665100887.5203199,-6494351203.6337032,1,0.86773753128619824,252
27,28,1,6795720889.663641,12156795545.31426,0,0,0,0,-5361074655.6506195,5361074655.6506195,1931660363.7223663,1,0.86084504140680784,187
27,29,2,8442819647.6658926,6820938115.2209349,0,0,0,0,1621881532.4449577,1621881532.4449577,10544567097.985149,2,0.82042479861190776,107
27,30,3,407184235.65145493,798443632.68301868,0,0,0,0,-391259397.03156376,391259397.03156376,1060899433.9279635,3,0.71361256244851112,14
27,31,4,106578141.86696072,317543422.03822041,0,0,0,0,-210965280.1712597,210965280.1712597,611087127.517905,4,0.63978907763861947,8
27,32,5,970268416.22288275,0,0,0,0,0,970268416.22288275,970268416.22288275,1310318302.2701364,5,0.63806073430121624,2
27,33,6,0,948996049.31285012,0,0,0,0,-948996049.31285012,948996049.31285012,-547755632.11545873,6,0.53212747987526721,2
27,34,7,519485493.25385457,0,0,0,0,0,519485493.25385457,519485493.25385457,519485493.25385457,7,0.54927368926898279,1
27,35,8,539281519.82080662,0,0,0,0,0,539281519.82080662,539281519.82080662,539281519.82080662,8,0.49861878657112235,1
28,19,-9,0,0,0,0,0,0,0,0,4030016.6631856319,9,0.49413530255628962,2
28,22,-6,0,0,0,0,0,0,0,0,16323667.089912221,6,0.61056428099291415,1
28,23,-5,32878761.340016603,58091474.723685622,0,0,0,0,-25212713.383669019,25212713.383669019,-14341382.505693227,5,0.56798639305930532,6
28,24,-4,0,0,0,0,0,0,0,0,16417469.217376882,4,0.52334348593870694,1
28,25,-3,581789311.00670934,97025367.871742636,0,0,0,0,484763943.13496673,484763943.13496673,642837049.34620214,3,0.73704516578740631,21
28,26,-2,598226313.83552253,578325923.9475565,0,0,0,0,19900389.887966037,19900389.887966037,-1336561652.4056888,2,0.81918005459430576,59
28,27,-1,8828665377.355711,3503480585.5983825,0,0,0,0,5325184791.757328,5325184791.757328,10030977289.492577,1,0.87163960981465971,185
28,29,1,28384338183.878551,21429251231.059246,0,0,0,0,6955086952.8193054,6955086952.8193054,25060659625.529732,1,0.85605247933247708,284
28,30,2,2214539610.3108525,5257292193.4169006,0,0,0,0,-3042752583.1060481,3042752583.1060481,3754355600.9641752,2,0.84051653944666282,48
28,31,3,0,3279040001.266902,0,0,0,0,-3279040001.266902,3279040001.266902,803596067.45795584,3,0.79679345791853784,16
28,32,4,7417475928.7302094,680076377.23021936,0,0,0,0,6737399551.4999905,6737399551.4999905,8707937241.0743446,4,0.740036040285043,13
28,33,5,0,485167231.31888151,0,0,0,0,-485167231.31888151,485167231.31888151,-485167231.31888151,5,0.5809944289256681,1
28,34,6,522425492.64958036,0,0,0,0,0,522425492.64958036,522425492.64958036,2885524826.4060121,6,0.5675832322106853,4
29,21,-8,0,0,0,0,0,0,0,0,13903067.936106808,8,0.56196749070029861,1
29,23,-6,8141176.0640619416,15361364.724427354,0,0,0,0,-7220188.660365412,7220188.660365412,22725891.378947064,6,0.55868675814298985,7
29,24,-5,0,0,0,0,0,0,0,0,16417469.217376882,5,0.583594540842165,1
29,25,-4,38629808.768866219,112267471.28234522,0,0,0,0,-73637662.513478994,73637662.513478994,-248597836.55241942,4,0.67421632524785824,7
29,26,-3,0,301443587.4448815,0,0,0,0,-301443587.4448815,301443587.4448815,-175608465.33546531,3,0.69508882267053873,4
29,27,-2,3219224849.6137462,4168698450.9829106,0,0,0,0,-949473601.36916447,949473601.36916447,3247851195.9532642,2,0.82370883766736558,102
29,28,-1,15396805295.019146,17120850307.861454,0,0,0,0,-1724045012.842308,1724045012.842308,9651557012.2958107,1,0.85883819486837931,287
29,30,1,12007377556.384212,17843624663.58353,0,0,0,0,-5836247107.1993179,5836247107.1993179,5640146644.0592422,1,0.85753192526004329,113
29,31,2,8957145306.2373943,10687261018.250887,0,0,0,0,-1730115712.0134926,1730115712.0134926,-3607532157.7545891,2,0.81955058721348006,46
29,32,3,0,3762591539.9459815,0,0,0,0,-3762591539.9459815,3762591539.9459815,-3262004453.2467718,3,0.72062281842131815,9
29,33,4,1536001834.0980723,1923590987.3859687,0,0,0,0,-387589153.28789639,387589153.28789639,-387589153.28789639,4,0.67912519628810009,3
29,34,5,829685331.81418395,0,0,0,0,0,829685331.81418395,829685331.81418395,2469078006.7050686,5,0.58322688557506941,5
29,35,6,1211273692.6297998,599855116.14972591,0,0,0,0,611418576.48007393,611418576.48007393,611418576.48007393,6,0.56118706779792016,2
29,38,9,0,5155205145.6184893,0,0,0,0,-5155205145.6184893,5155205145.6184893,-5155205145.6184893,9,0.55110473188387354,1
30,23,-7,0,7680682.3622136768,0,0,0,0,-7680682.3622136768,7680682.3622136768,-7680682.3622136768,7,0.54092402748821644,1
30,25,-5,182272523.42015487,64566077.661315098,0,0,0,0,117706445.75883977,117706445.75883977,117706445.75883977,5,0.7356604041905388,2
30,26,-4,26800692.592499398,0,0,0,0,0,26800692.592499398,26800692.592499398,8668360.8761462271,4,0.60105354530973354,3
30,27,-3,359220324.73975992,76838235.804964125,0,0,0,0,282382088.9347958,282382088.9347958,1097093169.4710941,3,0.71165867706926589,16
30,28,-2,2121240810.620657,431746731.2962575,0,0,0,0,1689494079.3243995,1689494079.3243995,5598608988.9055729,2,0.81905151506212159,49
30,29,-1,11007809403.110846,7770403636.1958113,0,0,0,0,3237405766.9150343,3237405766.9150343,13831784201.247265,1,0.86881552144196872,113
30,31,1,63776013336.436493,59790168076.087746,0,0,0,0,3985845260.3487473,3985845260.3487473,22950417073.792542,1,0.87297307256187506,299
30,32,2,16267632672.088182,37215105670.724838,0,0,0,0,-20947472998.636658,20947472998.636658,-28036377903.413712,2,0.82794411746029017,133
30,33,3,0,3901332397.6209726,0,0,0,0,-3901332397.6209726,3901332397.6209726,1331156593.2842426,3,0.73094210812481786,14
30,34,4,0,0,0,0,0,0,0,0,2355420366.9791498,4,0.64511536414789994,2
30,35,5,0,0,0,0,0,0,0,0,425980940.150949,5,0.57745022007543012,3
30,36,6,0,0,0,0,0,0,0,0,1345117153.6097543,6,0.51168057838666181,1
30,37,7,0,1775844732.9751935,0,0,0,0,-1775844732.9751935,1775844732.9751935,-1775844732.9751935,7,0.50254063113960201,1
31,23,-8,14326748.099827131,0,0,0,0,0,14326748.099827131,14326748.099827131,22467924.163889073,8,0.51133850000273751,2
31,24,-7,0,0,0,0,0,0,0,0,16417469.217376882,7,0.53517414393042795,1
31,26,-5,29085180.012912799,0,0,0,0,0,29085180.012912799,29085180.012912799,58170360.025825597,5,0.5686532561452905,2
31,27,-4,55292575.589203805,0,0,0,0,0,55292575.589203805,55292575.589203805,127442117.33986592,4,0.5594596730238105,6
31,28,-3,1340126793.0029287,70240360.490227938,0,0,0,0,1269886432.5127008,1269886432.5127008,2257253109.740118,3,0.74169739871705065,17
31,29,-2,5347591614.0885677,4500852257.0118456,0,0,0,0,846739357.07672215,846739357.07672215,430036217.06230736,2,0.81632853072893308,46
31,30,-1,42381310040.092506,39543004579.985352,0,0,0,0,2838305460.1071548,2838305460.1071548,12153351587.965599,1,0.86473458380916268,298
31,32,1,78598910501.420486,73408651658.207428,0,0,0,0,5190258843.2130585,5190258843.2130585,24391766099.269043,1,0.87824356705566808,297
31,33,2,23121930197.822124,21000638264.052773,0,0,0,0,2121291933.769352,2121291933.769352,11686112522.969475,2,0.81575008860647569,90
31,34,3,0,1005689961.3483495,0,0,0,0,-1005689961.3483495,1005689961.3483495,958348937.25667393,3,0.67112274394750471,2
31,35,4,1025836056.3006749,599855116.14972591,0,0,0,0,425980940.150949,425980940.150949,425980940.150949,4,0.61433886120053027,3
31,36,5,2192874137.0753264,0,0,0,0,0,2192874137.0753264,2192874137.0753264,2192874137.0753264,5,0.67496549509551507,1
32,25,-7,0,20491238.46382007,0,0,0,0,-20491238.46382007,20491238.46382007,557104.34325704724,7,0.56008625610035556,3
32,27,-5,55292575.589203805,0,0,0,0,0,55292575.589203805,55292575.589203805,41401472.777365863,5,0.58560553635994661,7
32,28,-4,0,0,0,0,0,0,0,0,929772815.8538779,4,0.72335606340611192,5
32,29,-3,799148981.53551602,0,0,0,0,0,799148981.53551602,799148981.53551602,1099278371.942018,3,0.7925779191263056,7
32,30,-2,18602697217.407745,6758312990.0781364,0,0,0,0,11844384227.329609,11844384227.329609,9436887735.9863167,2,0.81869399615049099,132
32,31,-1,56588688357.300743,56668474091.006851,0,0,0,0,-79785733.706108093,79785733.706108093,17276479856.146164,1,0.86521622020677513,307
32,33,1,84871098247.138046,96798144585.084473,0,0,0,0,-11927046337.946426,11927046337.946426,-31429177255.698242,1,0.86626277124249729,248
32,34,2,17678275229.149422,15048305694.076269,0,0,0,0,2629969535.0731525,2629969535.0731525,21445684359.573448,2,0.83658122449059369,47
32,35,3,6366669885.0099907,0,0,0,0,0,6366669885.0099907,6366669885.0099907,33790021164.722054,3,0.78679620401812678,20
32,36,4,0,0,0,0,0,0,0,0,3537991290.6850805,4,0.6369975846281668,2
32,38,6,0,0,0,0,0,0,0,0,-3772426958.6389265,6,0.55685302442118356,1
32,39,7,3432580185.9166474,0,0,0,0,0,3432580185.9166474,3432580185.9166474,3432580185.9166474,7,0.52620647466243287,1
33,27,-6,0,103904106.50741492,0,0,0,0,-103904106.50741492,103904106.50741492,-36597597.211900502,6,0.52854846156330393,6
33,29,-4,241854491.92561248,0,0,0,0,0,241854491.92561248,241854491.92561248,241854491.92561248,4,0.77619187472368389,1
33,30,-3,3103927299.4055972,291270284.95736903,0,0,0,0,2812657014.4482284,2812657014.4482284,9000177604.70788,3,0.77116745337884474,40
33,31,-2,8437489415.5162954,18145269214.034214,0,0,0,0,-9707779798.5179176,9707779798.5179176,3035160685.8573227,2,0.81429862256509356,107
33,32,-1,69332638121.611786,67253035179.081573,0,0,0,0,2079602942.5302124,2079602942.5302124,-9145094658.8511963,1,0.85549761635804977,255
33,34,1,84794269106.285309,186959147227.90247,0,0,0,0,-102164878121.61716,102164878121.61716,-53702139938.963898,1,0.87302786918132802,250
33,35,2,74689602652.357574,25158825690.955147,0,0,0,0,49530776961.402428,49530776961.402428,79145865852.067566,2,0.83430941281854587,106
33,36,3,1345117153.6097543,0,0,0,0,0,1345117153.6097543,1345117153.6097543,18771266852.723377,3,0.75904112765385179,9
33,37,4,2620872407.0081396,1775844732.9751935,0,0,0,0,845027674.03294611,845027674.03294611,845027674.03294611,4,0.56909415933200036,2
33,38,5,0,5158228446.9578018,0,0,0,0,-5158228446.9578018,5158228446.9578018,-5158228446.9578018,5,0.51051555163891971,1
34,29,-5,253708069.56963131,273764458.95274198,0,0,0,0,-20056389.383110672,20056389.383110672,130213006.84785581,5,0.65167082070340876,4
34,30,-4,427267509.71494716,0,0,0,0,0,427267509.71494716,427267509.71494716,1389972221.362936,4,0.56457985527534693,7
34,31,-3,1225806886.9489052,158895617.29509506,0,0,0,0,1066911269.6538101,1066911269.6538101,435096754.78373659,3,0.68490245865818822,8
34,32,-2,6628706474.7113991,5983922241.0756693,0,0,0,0,644784233.63572979,644784233.63572979,6385136374.9663792,2,0.80478440951908925,48
34,33,-1,144359391158.39786,58308186841.667603,0,0,0,0,86051204316.730255,86051204316.730255,119565384339.10924,1,0.86298640253748515,244
34,35,1,254670534201.24124,138854495709.42398,0,0,0,0,115816038491.81726,115816038491.81726,219453931916.50565,1,0.87207055084823104,288
34,36,2,35578127275.626236,64388432839.578178,0,0,0,0,-28810305563.951942,28810305563.951942,-21104558637.453293,2,0.81238141718998225,86
34,37,3,0,21121619462.949059,0,0,0,0,-21121619462.949059,21121619462.949059,-1566789760.3955231,3,0.72834615328672325,13
34,38,4,0,10161974769.430496,0,0,0,0,-10161974769.430496,10161974769.430496,-10161974769.430496,4,0.58522180338329655,2
34,39,5,0,0,0,0,0,0,0,0,8457853652.9240513,5,0.60355169078090964,2
34,40,6,4977166073.1487074,0,0,0,0,0,4977166073.1487074,4977166073.1487074,3814709291.5303402,6,0.54060737356720556,3
35,27,-8,0,26388692.670908026,0,0,0,0,-26388692.670908026,26388692.670908026,-26388692.670908026,8,0.48692880772581476,1
35,29,-6,0,0,0,0,0,0,0,0,150609989.45039734,6,0.49403461540056487,1
35,30,-5,389005523.74496317,0,0,0,0,0,389005523.74496317,389005523.74496317,389005523.74496317,5,0.55830028390090147,3
35,32,-3,468113530.88658273,2005794837.9324033,0,0,0,0,-1537681307.0458207,1537681307.0458207,5434684897.1090202,3,0.77004043444986303,21
35,33,-2,15280210055.39011,35808385672.935928,0,0,0,0,-20528175617.545818,20528175617.545818,-17136943744.607727,2,0.8269213020384818,93
35,34,-1,113968354074.48111,173531156680.60974,0,0,0,0,-59562802606.128632,59562802606.128632,17661699125.376434,1,0.87672600599151906,283
35,36,1,170355410528.89771,305106301821.05798,0,0,0,0,-134750891292.16028,134750891292.16028,32051604723.682861,1,0.85572131671229923,272
35,37,2,75767780853.494507,80227072012.864166,0,0,0,0,-4459291159.3696594,4459291159.3696594,56236582580.491791,2,0.82379869975883457,103
35,38,3,4226573772.6390982,18942541720.493217,0,0,0,0,-14715967947.854118,14715967947.854118,-21832944526.62669,3,0.7362346520091626,14
35,39,4,5025273467.0074043,0,0,0,0,0,5025273467.0074043,5025273467.0074043,13483127119.931456,4,0.59618859633025834,3
35,40,5,0,4921134430.0628185,0,0,0,0,-4921134430.0628185,4921134430.0628185,56031643.085888863,5,0.56034696169911513,2
35,41,6,0,12571701766.367275,0,0,0,0,-12571701766.367275,12571701766.367275,-3790089617.3546314,6,0.56486345799402149,2
36,27,-9,0,0,0,0,0,0,0,0,-26388692.670908026,9,0.51325938614185418,1
36,30,-6,0,0,0,0,0,0,0,0,112266658.57859966,6,0.61209894221344197,1
36,31,-5,359558540.95826393,0,0,0,0,0,359558540.95826393,359558540.95826393,359558540.95826393,5,0.53055964856531124,2
36,33,-3,0,0,0,0,0,0,0,0,2251727727.8402295,3,0.74893067502303889,3
36,34,-2,30002484729.182343,13585142635.964775,0,0,0,0,16417342093.217567,16417342093.217567,32746226476.560974,2,0.79895058589091195,85
36,35,-1,212838017842.26199,150701367933.53693,0,0,0,0,62136649908.725067,62136649908.725067,245901212960.41113,1,0.85773691392171492,273
36,37,1,380492288308.69324,337839699410.31165,0,0,0,0,42652588898.381592,42652588898.381592,200802052400.0481,1,0.84982939598013285,264
36,38,2,46468276394.038971,74901316132.91214,0,0,0,0,-28433039738.873169,28433039738.873169,-130394788781.58723,2,0.80213894796692586,50
36,39,3,8591340079.1486759,0,0,0,0,0,8591340079.1486759,8591340079.1486759,8591340079.1486759,3,0.59307793162668387,2
36,40,4,3758677648.4444523,0,0,0,0,0,3758677648.4444523,3758677648.4444523,3758677648.4444523,4,0.52374536659962567,1
36,41,5,8403771239.3807888,0,0,0,0,0,8403771239.3807888,8403771239.3807888,8403771239.3807888,5,0.59164579000726991,1
37,30,-7,83325667.438837647,0,0,0,0,0,83325667.438837647,83325667.438837647,195592326.01743731,7,0.51432239753774311,2
37,31,-6,0,0,0,0,0,0,0,0,-317543422.03822041,6,0.5438485371172852,2
37,32,-5,0,258315221.91610748,0,0,0,0,-258315221.91610748,258315221.91610748,-258315221.91610748,5,0.48741253367998655,1
37,33,-4,0,0,0,0,0,0,0,0,-948996049.31285012,4,0.55741626393458732,1
37,34,-3,11435910240.770628,0,0,0,0,0,11435910240.770628,11435910240.770628,19393943706.010506,3,0.7296572212266248,20
37,35,-2,61176854212.815575,31868891010.799603,0,0,0,0,29307963202.015972,29307963202.015972,69051754082.897446,2,0.80853166063587079,115
37,36,-1,289073249543.90021,263484385814.16617,0,0,0,0,25588863729.734039,25588863729.734039,154009720858.38025,1,0.86457711595248621,252
37,38,1,410630514292.89178,377660261679.34521,0,0,0,0,32970252613.54657,32970252613.54657,-162939272724.99695,1,0.84812590081949391,177
37,39,2,12957219010.524845,26481339975.265072,0,0,0,0,-13524120964.740227,13524120964.740227,2274072517.4355469,2,0.78361675329021963,14
37,40,3,0,85003237166.615326,0,0,0,0,-85003237166.615326,85003237166.615326,-112660025373.27985,3,0.73683918600324616,15
37,41,4,0,9242982619.4745846,0,0,0,0,-9242982619.4745846,9242982619.4745846,-13033072236.829214,4,0.57083743735748416,3
37,42,5,0,10646836859.962797,0,0,0,0,-10646836859.962797,10646836859.962797,-10646836859.962797,5,0.60982462613837618,1
38,30,-8,0,0,0,0,0,0,0,0,83325667.438837647,8,0.48141947823620013,1
38,31,-7,0,158647804.74312532,0,0,0,0,-158647804.74312532,158647804.74312532,-158647804.74312532,7,0.47873609816617568,1
38,34,-4,414842665.90709198,0,0,0,0,0,414842665.90709198,414842665.90709198,414842665.90709198,4,0.52429190085132227,1
38,35,-3,7597252321.9236183,5449475352.9393263,0,0,0,0,2147776968.984292,2147776968.984292,-1877340465.822134,3,0.74534633951499751,18
38,36,-2,32394938575.622566,28357982896.195114,0,0,0,0,4036955679.4274521,4036955679.4274521,-47819655226.693756,2,0.80691590536598823,50
38,37,-1,304001919064.32849,334281257581.9931,0,0,0,0,-30279338517.664612,30279338517.664612,-23108993950.795776,1,0.83820399250843936,205
38,39,1,915509513910.30469,505467215151.52155,0,0,0,0,410042298758.78314,410042298758.78314,470961436730.50903,1,0.85602713467763969,214
38,40,2,274946010757.50958,288504263319.90723,0,0,0,0,-13558252562.397644,13558252562.397644,112833814129.93872,2,0.79571203360434817,87
38,41,3,110163331921.73621,122948888945.44749,0,0,0,0,-12785557023.711288,12785557023.711288,-32912327178.533875,3,0.74189769088949886,16
38,42,4,0,10646836859.962797,0,0,0,0,-10646836859.962797,10646836859.962797,-21293673719.925594,4,0.58828716261592595,2
38,43,5,9526031435.3386936,0,0,0,0,0,9526031435.3386936,9526031435.3386936,9526031435.3386936,5,0.54689764105156846,1
39,34,-5,934328159.16094661,0,0,0,0,0,934328159.16094661,934328159.16094661,934328159.16094661,5,0.56041237231270069,2
39,35,-4,1458927131.080575,0,0,0,0,0,1458927131.080575,1458927131.080575,1945481667.5604434,4,0.61096085116752785,3
39,37,-2,15933132740.587778,6145196680.1164646,0,0,0,0,9787936060.4713135,9787936060.4713135,28484459121.233658,2,0.83370978053909561,13
39,38,-1,364974123745.06598,525732849251.96478,0,0,0,0,-160758725506.8988,160758725506.8988,-137852195078.84314,1,0.8658539663399234,211
39,40,1,746036118372.10864,674280970413.53125,0,0,0,0,71755147958.577393,71755147958.577393,68010800845.499268,1,0.87113260081736754,190
39,41,2,543856839160.39935,158380213076.70889,0,0,0,0,385476626083.69043,385476626083.69043,69274098805.274048,2,0.84623054103854212,62
39,42,3,0,0,0,0,0,0,0,0,11211189726.970509,3,0.61290608830045212,1
39,43,4,9526031435.3386936,0,0,0,0,0,9526031435.3386936,9526031435.3386936,19052062870.677387,4,0.61961648040472572,2
39,44,5,0,0,0,0,0,0,0,0,27173819886.307747,5,0.57211892937610032,2
40,30,-10,0,0,0,0,0,0,0,0,83325667.438837647,10,0.48144520974204613,1
40,34,-6,1004645388.11726,0,0,0,0,0,1004645388.11726,1004645388.11726,1419488054.0243521,6,0.55268870388046343,2
40,35,-5,486554536.47986829,0,0,0,0,0,486554536.47986829,486554536.47986829,-113300579.66985762,5,0.53449011382943934,2
40,37,-3,32008783394.341988,0,0,0,0,0,32008783394.341988,32008783394.341988,25863586714.225525,3,0.84476119653818438,12
40,38,-2,132533068754.44859,135741865277.93427,0,0,0,0,-3208796523.485672,3208796523.485672,-23448003893.641174,2,0.81341441706547402,75
40,39,-1,511097002716.22455,568000991808.46326,0,0,0,0,-56903989092.238708,56903989092.238708,23428586226.690552,1,0.87664055653669049,192
40,41,1,647979580214.72778,1265999332591.481,0,0,0,0,-618019752376.75317,618019752376.75317,-392347525692.81079,1,0.85544023618049825,155
40,42,2,239893503998.62573,670619771570.56189,0,0,0,0,-430726267571.93616,430726267571.93616,47761270200.993164,2,0.84276608198764169,74
40,43,3,9526031435.3386936,0,0,0,0,0,9526031435.3386936,9526031435.3386936,19052062870.677387,3,0.56213994862489403,2
40,44,4,15926558656.025547,0,0,0,0,0,15926558656.025547,15926558656.025547,15926558656.025547,4,0.5857464627925798,1
41,35,-6,0,0,0,0,0,0,0,0,539281519.82080662,6,0.54197052633406306,1
41,37,-4,3467608351.2761364,0,0,0,0,0,3467608351.2761364,3467608351.2761364,1691763618.3009429,4,0.57196997005512429,2
41,38,-3,34121403521.814919,43671349330.967804,0,0,0,0,-9549945809.1528854,9549945809.1528854,-31267120316.290558,3,0.75963250155863904,16
41,39,-2,70497568720.827087,282673879801.2052,0,0,0,0,-212176311080.37811,212176311080.37811,-327489979208.03772,2,0.83029306525738233,60
41,40,-1,923586274593.20422,497226612126.12769,0,0,0,0,426359662467.07654,426359662467.07654,728564528792.77039,1,0.87101237674860499,167
41,42,1,1465889309609.9236,670504938106.22131,0,0,0,0,795384371503.70227,795384371503.70227,1136999021833.9253,1,0.84603907271851531,118
41,43,2,0,26367671778.938599,0,0,0,0,-26367671778.938599,26367671778.938599,-26367671778.938599,2,0.72039462672418275,1
41,44,3,11247261230.282202,0,0,0,0,0,11247261230.282202,11247261230.282202,11247261230.282202,3,0.51371105427734709,1
42,35,-7,0,0,0,0,0,0,0,0,486554536.47986829,7,0.52660190446961552,1
42,37,-5,0,1775844732.9751935,0,0,0,0,-1775844732.9751935,1775844732.9751935,-1775844732.9751935,5,0.54669072693640675,1
42,38,-4,0,3789421263.615335,0,0,0,0,-3789421263.615335,3789421263.615335,-3789421263.615335,4,0.49428973258361036,1
42,39,-3,5158759893.232028,0,0,0,0,0,5158759893.232028,5158759893.232028,5158759893.232028,3,0.57071161089697919,1
42,40,-2,283381103622.75781,84811116417.249298,0,0,0,0,198569987205.50851,198569987205.50851,348532871069.65179,2,0.83677612412091795,68
42,41,-1,627427464433.45129,1254401632870.2517,0,0,0,0,-626974168436.80042,626974168436.80042,-388031836522.91382,1,0.8661149163088564,129
42,43,1,307222623501.61041,1616131526799.1082,0,0,0,0,-1308908903297.4978,1308908903297.4978,-1235670527499.7605,1,0.84072494584390156,89
42,44,2,238217843287.26984,0,0,0,0,0,238217843287.26984,238217843287.26984,671299351769.245,2,0.76538181792083437,15
42,45,3,27591069037.162094,0,0,0,0,0,27591069037.162094,27591069037.162094,27591069037.162094,3,0.75394840781884054,1
43,37,-6,0,0,0,0,0,0,0,0,-1775844732.9751935,6,0.50869479426746267,1
43,38,-5,0,0,0,0,0,0,0,0,-3789421263.615335,5,0.53001381200395214,1
43,41,-2,75001804628.20668,0,0,0,0,0,75001804628.20668,75001804628.20668,116848003197.77959,2,0.6828180375640136,9
43,42,-1,952894769137.46924,195671114527.01477,0,0,0,0,757223654610.45447,757223654610.45447,965083722485.23523,1,0.87297498389279271,74
43,44,1,4152902753969.6782,1423231650645.26,0,0,0,0,2729671103324.418,2729671103324.418,1048634983261.999,1,0.86108487142210999,155
43,45,2,301325261061.65277,1426372760144.6548,0,0,0,0,-1125047499083.002,1125047499083.002,-2621642324765.4912,2,0.81115033117897417,55
43,46,3,587209969712.49524,376250704165.17328,0,0,0,0,210959265547.32196,210959265547.32196,270176126126.77655,3,0.76941232818745009,14
44,40,-4,3758677648.4444523,0,0,0,0,0,3758677648.4444523,3758677648.4444523,3814709291.5303402,4,0.54529699442133894,3
44,41,-3,0,0,0,0,0,0,0,0,8781612149.0126438,3,0.66512232101372115,1
44,42,-2,0,66120306246.959076,0,0,0,0,-66120306246.959076,66120306246.959076,52296034945.777008,2,0.83095027441165903,10
44,43,-1,1006821021601.7737,2925386938895.2295,0,0,0,0,-1918565917293.4558,1918565917293.4558,-2677886892263.917,1,0.87023615279151834,155
44,45,1,1586664057827.929,2313387983297.2358,0,0,0,0,-726723925469.30688,726723925469.30688,-3232422227235.6206,1,0.87613845221193309,119
44,46,2,1309820167796.2485,203083088532.53162,0,0,0,0,1106737079263.7168,1106737079263.7168,370186052010.9231,2,0.80499467852244444,44
44,47,3,285154924789.22858,0,0,0,0,0,285154924789.22858,285154924789.22858,77623520091.885071,3,0.76238911921598262,9
44,48,4,0,0,0,0,0,0,0,0,-68703674590.340805,4,0.63353035072644182,1
45,39,-6,3432580185.9166474,0,0,0,0,0,3432580185.9166474,3432580185.9166474,3432580185.9166474,6,0.51063507663550389,1
45,40,-5,3758677648.4444523,4921134430.0628185,0,0,0,0,-1162456781.6183662,1162456781.6183662,7573386939.9747925,5,0.5520987144785594,4
45,43,-2,839450688623.89783,246322713899.38522,0,0,0,0,593127974724.51257,593127974724.51257,-81917929999.735718,2,0.837160027416326,59
45,44,-1,1810493403347.3833,1063002535674.1035,0,0,0,0,747490867673.27979,747490867673.27979,-1643659023340.21,1,0.87303421427464145,121
45,46,1,3483806280795.2217,2030850736723.1851,0,0,0,0,1452955544072.0366,1452955544072.0366,-541820427932.93652,1,0.83894661408243931,102
45,47,2,1270693333648.4585,145198471974.19342,0,0,0,0,1125494861674.2651,1125494861674.2651,1191210225553.5237,2,0.77199074526791778,31
45,48,3,0,0,0,0,0,0,0,0,-68703674590.340805,3,0.57554191831697077,1
46,42,-4,0,10646836859.962797,0,0,0,0,-10646836859.962797,10646836859.962797,-10646836859.962797,4,0.5171745356470806,1
46,43,-3,262654770774.06616,43175334284.005348,0,0,0,0,219479436490.06082,219479436490.06082,256964949427.5892,3,0.75693962713193608,11
46,44,-2,155576055464.39517,1024151709824.723,0,0,0,0,-868575654360.32788,868575654360.32788,-1447846288909.3257,2,0.78644065126272134,40
46,45,-1,2230425716848.5532,3498744480029.1724,0,0,0,0,-1268318763180.6191,1268318763180.6191,-2594052860296.5811,1,0.8404307201413731,107
46,47,1,2745828707290.0156,1835641710078.3193,0,0,0,0,910186997211.69629,910186997211.69629,1519317538730.6147,1,0.8346027317722684,74
46,48,2,794628433330.23926,1276566300791.926,0,0,0,0,-481937867461.68677,481937867461.68677,-124542593499.48193,2,0.79247261185178752,26
46,49,3,1066032853193.2272,0,0,0,0,0,1066032853193.2272,1066032853193.2272,1763121925712.0308,3,0.73428674147654316,7
46,50,4,325376926693.71661,0,0,0,0,0,325376926693.71661,325376926693.71661,1415729290541.2368,4,0.727727214312759,7
47,40,-7,0,0,0,0,0,0,0,0,4977166073.1487074,7,0.53518470853472688,1
47,43,-4,9526031435.3386936,0,0,0,0,0,9526031435.3386936,9526031435.3386936,9526031435.3386936,4,0.51144571216211376,1
47,44,-3,0,71479761102.929199,0,0,0,0,-71479761102.929199,71479761102.929199,-230361311890.23914,3,0.79077804153132447,6
47,45,-2,115095010090.87637,1118676760819.8679,0,0,0,0,-1003581750728.9916,1003581750728.9916,-1200405825169.4026,2,0.79023776205980167,36
47,46,-1,1692443675398.1262,1924140762300.4465,0,0,0,0,-231697086902.32031,231697086902.32031,120815139756.79395,1,0.86097758031339422,78
47,48,1,5514635563710.1953,1011598358320.4631,0,0,0,0,4503037205389.7324,4503037205389.7324,453825449783.73633,1,0.83027097839767017,57
47,49,2,3026305915347.8066,3627239284048.1133,0,0,0,0,-600933368700.30664,600933368700.30664,-2456161903712.4341,2,0.76871773244936648,34
47,50,3,1520166704762.0403,790775261674.81921,0,0,0,0,729391443087.22107,729391443087.22107,1544540496594.3979,3,0.77104947037739913,22
48,44,-4,11247261230.282202,0,0,0,0,0,11247261230.282202,11247261230.282202,11247261230.282202,4,0.61912138972288044,1
48,46,-2,1031270419274.8666,574767449592.15405,0,0,0,0,456502969682.71252,456502969682.71252,442185491315.95093,2,0.78049113933938929,36
48,47,-1,1017315072109.9832,3799891576805.0181,0,0,0,0,-2782576504695.0352,2782576504695.0352,-4662952665197.6182,1,0.86545523573320537,58
48,49,1,4753942596934.6533,4084959671812.4771,0,0,0,0,668982925122.17627,668982925122.17627,-2610789401253.8193,1,0.86725487221497044,60
48,50,2,1520875351422.9192,2059773984778.4153,0,0,0,0,-538898633355.49609,538898633355.49609,2222535269089.3999,2,0.81235434021364272,38
49,44,-5,11247261230.282202,0,0,0,0,0,11247261230.282202,11247261230.282202,11247261230.282202,5,0.57246541810066343,1
49,45,-4,0,0,0,0,0,0,0,0,66260780164.510017,4,0.57742106859670739,1
49,46,-3,360844713871.70837,280778766786.21899,0,0,0,0,80065947085.48938,80065947085.48938,25447549341.942627,3,0.77416538978410165,17
49,47,-2,1773172157779.5032,1022055056240.7832,0,0,0,0,751117101538.71997,751117101538.71997,654964762855.85034,2,0.80985199932367358,35
49,48,-1,2382901670259.5303,4073864728643.188,0,0,0,0,-1690963058383.6577,1690963058383.6577,-3719581559241.3677,1,0.88244467992116837,59
49,50,1,8243690871475.8271,3881169516054.8604,0,0,0,0,4362521355420.9668,4362521355420.9668,4172859609482.0996,1,0.8401471781788592,67
50,44,-6,11247261230.282202,0,0,0,0,0,11247261230.282202,11247261230.282202,11247261230.282202,6,0.50652629037104036,1
50,46,-4,0,0,0,0,0,0,0,0,341151167230.55103,4,0.72738234323346418,6
50,47,-3,674985554687.69812,818797711498.31982,0,0,0,0,-143812156810.6217,143812156810.6217,-1093136488.8742676,3,0.80942486705516004,33
50,48,-2,1180500940823.812,1108367314566.7444,0,0,0,0,72133626257.067627,72133626257.067627,1345650930608.876,2,0.83243737073154478,44
50,49,-1,3215131154837.6636,8453932947601.1426,0,0,0,0,-5238801792763.4785,5238801792763.4785,-5824759080887.4902,1,0.88533745655926721,64
50,51,1,0,3037408837944.2456,0,0,0,0,-3037408837944.2456,3037408837944.2456,-1397584031689.1194,1,0.75178576871812908,21
50,52,2,168062726061.14987,0,0,0,0,0,168062726061.14987,168062726061.14987,168062726061.14987,2,0.69218517559499182,1
51,47,-4,101257017949.02708,0,0,0,0,0,101257017949.02708,101257017949.02708,101257017949.02708,4,0.68138626754482123,1
51,49,-2,2313879459950.2036,439528801629.3609,0,0,0,0,1874350658320.8428,1874350658320.8428,788134339625.78394,2,0.75629756843577844,15
51,50,-1,5455578183321.6445,0,0,0,0,0,5455578183321.6445,5455578183321.6445,4172082374946.8525,1,0.78349664358612614,37
51,52,1,2497582968473.4917,1382566922481.1223,0,0,0,0,1115016045992.3694,1115016045992.3694,-2726641661843.6948,1,0.86685367834502358,24
51,53,2,728421280515.99634,1371294263651.394,0,0,0,0,-642872983135.39771,642872983135.39771,-4608092267532.1592,2,0.78310927036590439,17
52,51,-1,1725364125393.8345,1896621929307.032,0,0,0,0,-171257803913.19751,171257803913.19751,-5957191146944.415,1,0.78717869404582252,40
52,53,1,3617802930854.5327,1458205431298.7812,0,0,0,0,2159597499555.7515,2159597499555.7515,357358601089.91504,1,0.82710492779998857,24
53,51,-2,232840440947.49289,1081456817901.9924,0,0,0,0,-848616376954.49951,848616376954.49951,-2109213788906.3818,2,0.74118809316600065,15
53,52,-1,1054100064707.2998,2235121215017.5762,0,0,0,0,-1181021150310.2764,1181021150310.2764,-3154845669820.6519,1,0.83260113747369358,24
54,52,-2,0,0,0,0,0,0,0,0,168062726061.14987,2,0.69080157839356526,1
54,55,1,97033209616.6474,0,0,0,0,0,97033209616.6474,97033209616.6474,97033209616.6474,1,0.69541688801039725,9
